name,Division,Specification,Material,Manufacturer,Product,Size,Thickness,Finish,Paint Type,Color,Color Effect,Pricing,description,image
,7,46 46,Fiber-Cement Siding,James Hardie,Hardieplank (HZ5),"5.25""x12'","5/16""",Smooth,Primed,Primed,Standard/No Effect,12,,
,,,,,,"5.25""x12'","5/16""",Smooth,Statement,"Aged Pewter, Arctic White, Boothbay Blue, Cobblestone, Evening Blue, Gray Slate, Iron Gray, Khaki Brown, Light Mist, Monteray Taupe, Mountain Sage, Navajo Beige, Night Gray, Pearl Gray, Rich Espresso, Timber Bark
Boothbay Blue
Iron Gray
Gray Slate
Cobblestone
Navajo Beige
Evening Blue
Aged Pewter 
Khaki Brown
Night Gray 
Monteray Taupe
Timber Bark 
Mountain Sage
Pearl Gray 
Light Mist
Rich Espresso",Standard/No Effect,14,,
,,,,,,"5.25""x12'","5/16""",Smooth,Dream,"Abby White, Aloe Vera Stem, Aluminum,Aqua Grand,Aqua Spa, Aquafoam, Arborvitae, Balsam Fir, BanyanTree, Blue Carnation, Blue Note, Blue Spruce, Bottle Green, Bouquet Green, Bristol Green, Bronze Star,Cadet Gray, Calypso Green, Caribbean Sea, Casa Green, Celedon Green, Celery White, Chantilly Lace, Cilantro Leaf, Citrine White, Climbing Vine, Coastal Fog, Country Green, Cristobal Blue, Derby Green, Dulcet Green, Eden Green, Elegant Green, Elm Tree, Empire Emerald, English Lavender, Eucalyptus, Eucalyptus Green, Everglade, Evergreen Forest, Fern Green, Filtered Gold, Firefly, Fishing Boat, Florida Everglades, Forever Green, Four Leaf Clover, First Spring, Front Lawn, Gable Green, Garden of Eden, Gold Leaf, Golden Delicious, Green Acrew, Green Ash, Green Bridge, Green Grass, Green Light, Green Sand, Greenhouse, Hawthorn White, Herbal, Highwater, Homestead Green, Honeydew, Hunter Green, Imperial Green, Irish Lowland,
Jaded, Juniper Berry, Kelly Green, Kentucky Bluegrass, Keylime, Leaf Dust, Lime, White Limestone,Linden Green, Melted Ice, Mesa Green, Mint Clover, Minty Fresh, Mississippi Moss, Misty Emerald, Misty Morning, Misty Moss, Nautical White, Neighborhood Park, Newport Green, Not Too Green, Oregano, Oregon Trail, Overcast Green, Overseas, Palm Grove,Pea Shoot, Peaceful Green, Peacock, Precisely Green, Putting Green, Rainfall Green, Robin's Egg, Sage Bush, San Pedro Green, Santa Monica Pier, Sea Glass, Sea Mist, Seaweed Green, Sequoia Green, Sherwood Forest, Sisal Beige, Snowflake White, Solar Energy, Spanish Olive, Spring Buds, Spring Green, Spring Leeks, Spring Sprig, Spruce Green, Succulent Green, Summer Sage, Swamp Grass, Sycamore, Talc White,Tawny Gold, Teal Tide, Topiary Green,Tortugas Green, Tradewind Gray, Tree Canopy, Treelined Street,Tulla Beige, Urban Garden, Wasabi, Weeping Willow, Whispering Pines, White Pine, Willow Green ",Standard/No Effect,20,,
,,,,,,"5.25""x12'","5/16""",Woodgrain,Primed,Primed,Standard/No Effect,20,,
,,,,,,"5.25""x12'","5/16""",Woodgrain,Statement,"Aged Pewter, Arctic White, Boothbay Blue, Cobblestone, Evening Blue, Gray Slate, Iron Gray, Khaki Brown, Light Mist, Monteray Taupe, Mountain Sage, Navajo Beige, Night Gray, Pearl Gray, Rich Espresso, Timber Bark
Boothbay Blue
Iron Gray
Gray Slate
Cobblestone
Navajo Beige
Evening Blue
Aged Pewter 
Khaki Brown
Night Gray 
Monteray Taupe
Timber Bark 
Mountain Sage
Pearl Gray 
Light Mist
Rich Espresso",Standard/No Effect,20,,
,,,,,,"5.25""x12'","5/16""",Woodgrain,Dream,"Abby White, Aloe Vera Stem, Aluminum,Aqua Grand,Aqua Spa, Aquafoam, Arborvitae, Balsam Fir, BanyanTree, Blue Carnation, Blue Note, Blue Spruce, Bottle Green, Bouquet Green, Bristol Green, Bronze Star,Cadet Gray, Calypso Green, Caribbean Sea, Casa Green, Celedon Green, Celery White, Chantilly Lace, Cilantro Leaf, Citrine White, Climbing Vine, Coastal Fog, Country Green, Cristobal Blue, Derby Green, Dulcet Green, Eden Green, Elegant Green, Elm Tree, Empire Emerald, English Lavender, Eucalyptus, Eucalyptus Green, Everglade, Evergreen Forest, Fern Green, Filtered Gold, Firefly, Fishing Boat, Florida Everglades, Forever Green, Four Leaf Clover, First Spring, Front Lawn, Gable Green, Garden of Eden, Gold Leaf, Golden Delicious, Green Acrew, Green Ash, Green Bridge, Green Grass, Green Light, Green Sand, Greenhouse, Hawthorn White, Herbal, Highwater, Homestead Green, Honeydew, Hunter Green, Imperial Green, Irish Lowland, Jaded, Juniper Berry, Kelly Green, Kentucky Bluegrass, Keylime, Leaf Dust, Lime, White Limestone,Linden Green, Melted Ice, Mesa Green, Mint Clover, Minty Fresh, Mississippi Moss, Misty Emerald, Misty Morning, Misty Moss, Nautical White, Neighborhood Park, Newport Green, Not Too Green, Oregano, Oregon Trail, Overcast Green, Overseas, Palm Grove,Pea Shoot, Peaceful Green, Peacock, Precisely Green, Putting Green, Rainfall Green, Robin's Egg, Sage Bush, San Pedro Green, Santa Monica Pier, Sea Glass, Sea Mist, Seaweed Green, Sequoia Green, Sherwood Forest, Sisal Beige, Snowflake White, Solar Energy, Spanish Olive, Spring Buds, Spring Green, Spring Leeks, Spring Sprig, Spruce Green, Succulent Green, Summer Sage, Swamp Grass, Sycamore, Talc White,Tawny Gold, Teal Tide, Topiary Green,Tortugas Green, Tradewind Gray, Tree Canopy, Treelined Street,Tulla Beige, Urban Garden, Wasabi, Weeping Willow, Whispering Pines, White Pine, Willow Green ",Standard/No Effect,20,,
,,,,,,"5.25""x12'","5/16""",Beaded Smooth,Primed,Primed,Standard/No Effect,20,,
,,,,,,"5.25""x12'","5/16""",Beaded Smooth,Statement,"Aged Pewter, Arctic White, Boothbay Blue, Cobblestone, Evening Blue, Gray Slate, Iron Gray, Khaki Brown, Light Mist, Monteray Taupe, Mountain Sage, Navajo Beige, Night Gray, Pearl Gray, Rich Espresso, Timber Bark
Boothbay Blue
Iron Gray
Gray Slate
Cobblestone
Navajo Beige
Evening Blue
Aged Pewter 
Khaki Brown
Night Gray 
Monteray Taupe
Timber Bark 
Mountain Sage
Pearl Gray 
Light Mist
Rich Espresso",Standard/No Effect,20,,
,,,,,,"5.25""x12'","5/16""",Beaded Smooth,Dream,"Abby White, Aloe Vera Stem, Aluminum,Aqua Grand,Aqua Spa, Aquafoam, Arborvitae, Balsam Fir, BanyanTree, Blue Carnation, Blue Note, Blue Spruce, Bottle Green, Bouquet Green, Bristol Green, Bronze Star,Cadet Gray, Calypso Green, Caribbean Sea, Casa Green, Celedon Green, Celery White, Chantilly Lace, Cilantro Leaf, Citrine White, Climbing Vine, Coastal Fog, Country Green, Cristobal Blue, Derby Green, Dulcet Green, Eden Green, Elegant Green, Elm Tree, Empire Emerald, English Lavender, Eucalyptus, Eucalyptus Green, Everglade, Evergreen Forest, Fern Green, Filtered Gold, Firefly, Fishing Boat, Florida Everglades, Forever Green, Four Leaf Clover, First Spring, Front Lawn, Gable Green, Garden of Eden, Gold Leaf, Golden Delicious, Green Acrew, Green Ash, Green Bridge, Green Grass, Green Light, Green Sand, Greenhouse, Hawthorn White, Herbal, Highwater, Homestead Green, Honeydew, Hunter Green, Imperial Green, Irish Lowland, Jaded, Juniper Berry, Kelly Green, Kentucky Bluegrass, Keylime, Leaf Dust, Lime, White Limestone,Linden Green, Melted Ice, Mesa Green, Mint Clover, Minty Fresh, Mississippi Moss, Misty Emerald, Misty Morning, Misty Moss, Nautical White, Neighborhood Park, Newport Green, Not Too Green, Oregano, Oregon Trail, Overcast Green, Overseas, Palm Grove,Pea Shoot, Peaceful Green, Peacock, Precisely Green, Putting Green, Rainfall Green, Robin's Egg, Sage Bush, San Pedro Green, Santa Monica Pier, Sea Glass, Sea Mist, Seaweed Green, Sequoia Green, Sherwood Forest, Sisal Beige, Snowflake White, Solar Energy, Spanish Olive, Spring Buds, Spring Green, Spring Leeks, Spring Sprig, Spruce Green, Succulent Green, Summer Sage, Swamp Grass, Sycamore, Talc White,Tawny Gold, Teal Tide, Topiary Green,Tortugas Green, Tradewind Gray, Tree Canopy, Treelined Street,Tulla Beige, Urban Garden, Wasabi, Weeping Willow, Whispering Pines, White Pine, Willow Green ",Standard/No Effect,20,,
,,,,,,"5.25""x12'","5/16""",Beaded Cedarmill,Primed,Primed,Standard/No Effect,20,,
,,,,,,"5.25""x12'","5/16""",Beaded Cedarmill,Statement,"Aged Pewter, Arctic White, Boothbay Blue, Cobblestone, Evening Blue, Gray Slate, Iron Gray, Khaki Brown, Light Mist, Monteray Taupe, Mountain Sage, Navajo Beige, Night Gray, Pearl Gray, Rich Espresso, Timber Bark
Boothbay Blue
Iron Gray
Gray Slate
Cobblestone
Navajo Beige
Evening Blue
Aged Pewter 
Khaki Brown
Night Gray 
Monteray Taupe
Timber Bark 
Mountain Sage
Pearl Gray 
Light Mist
Rich Espresso",Standard/No Effect,20,,
,,,,,,"5.25""x12'","5/16""",Beaded Cedarmill,Dream,"Abby White, Aloe Vera Stem, Aluminum,Aqua Grand,Aqua Spa, Aquafoam, Arborvitae, Balsam Fir, BanyanTree, Blue Carnation, Blue Note, Blue Spruce, Bottle Green, Bouquet Green, Bristol Green, Bronze Star,Cadet Gray, Calypso Green, Caribbean Sea, Casa Green, Celedon Green, Celery White, Chantilly Lace, Cilantro Leaf, Citrine White, Climbing Vine, Coastal Fog, Country Green, Cristobal Blue, Derby Green, Dulcet Green, Eden Green, Elegant Green, Elm Tree, Empire Emerald, English Lavender, Eucalyptus, Eucalyptus Green, Everglade, Evergreen Forest, Fern Green, Filtered Gold, Firefly, Fishing Boat, Florida Everglades, Forever Green, Four Leaf Clover, First Spring, Front Lawn, Gable Green, Garden of Eden, Gold Leaf, Golden Delicious, Green Acrew, Green Ash, Green Bridge, Green Grass, Green Light, Green Sand, Greenhouse, Hawthorn White, Herbal, Highwater, Homestead Green, Honeydew, Hunter Green, Imperial Green, Irish Lowland, Jaded, Juniper Berry, Kelly Green, Kentucky Bluegrass, Keylime, Leaf Dust, Lime, White Limestone,Linden Green, Melted Ice, Mesa Green, Mint Clover, Minty Fresh, Mississippi Moss, Misty Emerald, Misty Morning, Misty Moss, Nautical White, Neighborhood Park, Newport Green, Not Too Green, Oregano, Oregon Trail, Overcast Green, Overseas, Palm Grove,Pea Shoot, Peaceful Green, Peacock, Precisely Green, Putting Green, Rainfall Green, Robin's Egg, Sage Bush, San Pedro Green, Santa Monica Pier, Sea Glass, Sea Mist, Seaweed Green, Sequoia Green, Sherwood Forest, Sisal Beige, Snowflake White, Solar Energy, Spanish Olive, Spring Buds, Spring Green, Spring Leeks, Spring Sprig, Spruce Green, Succulent Green, Summer Sage, Swamp Grass, Sycamore, Talc White,Tawny Gold, Teal Tide, Topiary Green,Tortugas Green, Tradewind Gray, Tree Canopy, Treelined Street,Tulla Beige, Urban Garden, Wasabi, Weeping Willow, Whispering Pines, White Pine, Willow Green ",Standard/No Effect,20,,
,,,,,,"5.25""x12'","5/16""",Colonial Smooth,Primed,Primed,Standard/No Effect,20,,
,,,,,,"5.25""x12'","5/16""",Colonial Smooth,Statement,"Aged Pewter, Arctic White, Boothbay Blue, Cobblestone, Evening Blue, Gray Slate, Iron Gray, Khaki Brown, Light Mist, Monteray Taupe, Mountain Sage, Navajo Beige, Night Gray, Pearl Gray, Rich Espresso, Timber Bark
Boothbay Blue
Iron Gray
Gray Slate
Cobblestone
Navajo Beige
Evening Blue
Aged Pewter 
Khaki Brown
Night Gray 
Monteray Taupe
Timber Bark 
Mountain Sage
Pearl Gray 
Light Mist
Rich Espresso",Standard/No Effect,20,,
,,,,,,"5.25""x12'","5/16""",Colonial Smooth,Dream,"Abby White, Aloe Vera Stem, Aluminum,Aqua Grand,Aqua Spa, Aquafoam, Arborvitae, Balsam Fir, BanyanTree, Blue Carnation, Blue Note, Blue Spruce, Bottle Green, Bouquet Green, Bristol Green, Bronze Star,Cadet Gray, Calypso Green, Caribbean Sea, Casa Green, Celedon Green, Celery White, Chantilly Lace, Cilantro Leaf, Citrine White, Climbing Vine, Coastal Fog, Country Green, Cristobal Blue, Derby Green, Dulcet Green, Eden Green, Elegant Green, Elm Tree, Empire Emerald, English Lavender, Eucalyptus, Eucalyptus Green, Everglade, Evergreen Forest, Fern Green, Filtered Gold, Firefly, Fishing Boat, Florida Everglades, Forever Green, Four Leaf Clover, First Spring, Front Lawn, Gable Green, Garden of Eden, Gold Leaf, Golden Delicious, Green Acrew, Green Ash, Green Bridge, Green Grass, Green Light, Green Sand, Greenhouse, Hawthorn White, Herbal, Highwater, Homestead Green, Honeydew, Hunter Green, Imperial Green, Irish Lowland, Jaded, Juniper Berry, Kelly Green, Kentucky Bluegrass, Keylime, Leaf Dust, Lime, White Limestone,Linden Green, Melted Ice, Mesa Green, Mint Clover, Minty Fresh, Mississippi Moss, Misty Emerald, Misty Morning, Misty Moss, Nautical White, Neighborhood Park, Newport Green, Not Too Green, Oregano, Oregon Trail, Overcast Green, Overseas, Palm Grove,Pea Shoot, Peaceful Green, Peacock, Precisely Green, Putting Green, Rainfall Green, Robin's Egg, Sage Bush, San Pedro Green, Santa Monica Pier, Sea Glass, Sea Mist, Seaweed Green, Sequoia Green, Sherwood Forest, Sisal Beige, Snowflake White, Solar Energy, Spanish Olive, Spring Buds, Spring Green, Spring Leeks, Spring Sprig, Spruce Green, Succulent Green, Summer Sage, Swamp Grass, Sycamore, Talc White,Tawny Gold, Teal Tide, Topiary Green,Tortugas Green, Tradewind Gray, Tree Canopy, Treelined Street,Tulla Beige, Urban Garden, Wasabi, Weeping Willow, Whispering Pines, White Pine, Willow Green ",Standard/No Effect,20,,
,,,,,,"5.25""x12'","5/16""",Colonial Roughsawn,Primed,Primed,Standard/No Effect,20,,
,,,,,,"5.25""x12'","5/16""",Colonial Roughsawn,Statement,"Aged Pewter, Arctic White, Boothbay Blue, Cobblestone, Evening Blue, Gray Slate, Iron Gray, Khaki Brown, Light Mist, Monteray Taupe, Mountain Sage, Navajo Beige, Night Gray, Pearl Gray, Rich Espresso, Timber Bark
Boothbay Blue
Iron Gray
Gray Slate
Cobblestone
Navajo Beige
Evening Blue
Aged Pewter 
Khaki Brown
Night Gray 
Monteray Taupe
Timber Bark 
Mountain Sage
Pearl Gray 
Light Mist
Rich Espresso",Standard/No Effect,20,,
,,,,,,"5.25""x12'","5/16""",Colonial Roughsawn,Dream,"Abby White, Aloe Vera Stem, Aluminum,Aqua Grand,Aqua Spa, Aquafoam, Arborvitae, Balsam Fir, BanyanTree, Blue Carnation, Blue Note, Blue Spruce, Bottle Green, Bouquet Green, Bristol Green, Bronze Star,Cadet Gray, Calypso Green, Caribbean Sea, Casa Green, Celedon Green, Celery White, Chantilly Lace, Cilantro Leaf, Citrine White, Climbing Vine, Coastal Fog, Country Green, Cristobal Blue, Derby Green, Dulcet Green, Eden Green, Elegant Green, Elm Tree, Empire Emerald, English Lavender, Eucalyptus, Eucalyptus Green, Everglade, Evergreen Forest, Fern Green, Filtered Gold, Firefly, Fishing Boat, Florida Everglades, Forever Green, Four Leaf Clover, First Spring, Front Lawn, Gable Green, Garden of Eden, Gold Leaf, Golden Delicious, Green Acrew, Green Ash, Green Bridge, Green Grass, Green Light, Green Sand, Greenhouse, Hawthorn White, Herbal, Highwater, Homestead Green, Honeydew, Hunter Green, Imperial Green, Irish Lowland, Jaded, Juniper Berry, Kelly Green, Kentucky Bluegrass, Keylime, Leaf Dust, Lime, White Limestone,Linden Green, Melted Ice, Mesa Green, Mint Clover, Minty Fresh, Mississippi Moss, Misty Emerald, Misty Morning, Misty Moss, Nautical White, Neighborhood Park, Newport Green, Not Too Green, Oregano, Oregon Trail, Overcast Green, Overseas, Palm Grove,Pea Shoot, Peaceful Green, Peacock, Precisely Green, Putting Green, Rainfall Green, Robin's Egg, Sage Bush, San Pedro Green, Santa Monica Pier, Sea Glass, Sea Mist, Seaweed Green, Sequoia Green, Sherwood Forest, Sisal Beige, Snowflake White, Solar Energy, Spanish Olive, Spring Buds, Spring Green, Spring Leeks, Spring Sprig, Spruce Green, Succulent Green, Summer Sage, Swamp Grass, Sycamore, Talc White,Tawny Gold, Teal Tide, Topiary Green,Tortugas Green, Tradewind Gray, Tree Canopy, Treelined Street,Tulla Beige, Urban Garden, Wasabi, Weeping Willow, Whispering Pines, White Pine, Willow Green ",Standard/No Effect,20,,
,,,,,,"6.25""x12'","5/16""",Beaded Cedarmill,Statement,"Aged Pewter, Arctic White, Boothbay Blue, Cobblestone, Evening Blue, Gray Slate, Iron Gray, Khaki Brown, Light Mist, Monteray Taupe, Mountain Sage, Navajo Beige, Night Gray, Pearl Gray, Rich Espresso, Timber Bark
Boothbay Blue
Iron Gray
Gray Slate
Cobblestone
Navajo Beige
Evening Blue
Aged Pewter 
Khaki Brown
Night Gray 
Monteray Taupe
Timber Bark 
Mountain Sage
Pearl Gray 
Light Mist
Rich Espresso",Standard/No Effect,20,,
,,,,,,"6.25""x12'","5/16""",Beaded Cedarmill,Dream,"Abby White, Aloe Vera Stem, Aluminum,Aqua Grand,Aqua Spa, Aquafoam, Arborvitae, Balsam Fir, BanyanTree, Blue Carnation, Blue Note, Blue Spruce, Bottle Green, Bouquet Green, Bristol Green, Bronze Star,Cadet Gray, Calypso Green, Caribbean Sea, Casa Green, Celedon Green, Celery White, Chantilly Lace, Cilantro Leaf, Citrine White, Climbing Vine, Coastal Fog, Country Green, Cristobal Blue, Derby Green, Dulcet Green, Eden Green, Elegant Green, Elm Tree, Empire Emerald, English Lavender, Eucalyptus, Eucalyptus Green, Everglade, Evergreen Forest, Fern Green, Filtered Gold, Firefly, Fishing Boat, Florida Everglades, Forever Green, Four Leaf Clover, First Spring, Front Lawn, Gable Green, Garden of Eden, Gold Leaf, Golden Delicious, Green Acrew, Green Ash, Green Bridge, Green Grass, Green Light, Green Sand, Greenhouse, Hawthorn White, Herbal, Highwater, Homestead Green, Honeydew, Hunter Green, Imperial Green, Irish Lowland, Jaded, Juniper Berry, Kelly Green, Kentucky Bluegrass, Keylime, Leaf Dust, Lime, White Limestone,Linden Green, Melted Ice, Mesa Green, Mint Clover, Minty Fresh, Mississippi Moss, Misty Emerald, Misty Morning, Misty Moss, Nautical White, Neighborhood Park, Newport Green, Not Too Green, Oregano, Oregon Trail, Overcast Green, Overseas, Palm Grove,Pea Shoot, Peaceful Green, Peacock, Precisely Green, Putting Green, Rainfall Green, Robin's Egg, Sage Bush, San Pedro Green, Santa Monica Pier, Sea Glass, Sea Mist, Seaweed Green, Sequoia Green, Sherwood Forest, Sisal Beige, Snowflake White, Solar Energy, Spanish Olive, Spring Buds, Spring Green, Spring Leeks, Spring Sprig, Spruce Green, Succulent Green, Summer Sage, Swamp Grass, Sycamore, Talc White,Tawny Gold, Teal Tide, Topiary Green,Tortugas Green, Tradewind Gray, Tree Canopy, Treelined Street,Tulla Beige, Urban Garden, Wasabi, Weeping Willow, Whispering Pines, White Pine, Willow Green ",Standard/No Effect,20,,
,,,,,,"6.25""x12'","5/16""",Colonial Smooth,Primed,Primed,Standard/No Effect,20,,
,,,,,,"6.25""x12'","5/16""",Colonial Smooth,Statement,"Aged Pewter, Arctic White, Boothbay Blue, Cobblestone, Evening Blue, Gray Slate, Iron Gray, Khaki Brown, Light Mist, Monteray Taupe, Mountain Sage, Navajo Beige, Night Gray, Pearl Gray, Rich Espresso, Timber Bark
Boothbay Blue
Iron Gray
Gray Slate
Cobblestone
Navajo Beige
Evening Blue
Aged Pewter 
Khaki Brown
Night Gray 
Monteray Taupe
Timber Bark 
Mountain Sage
Pearl Gray 
Light Mist
Rich Espresso",Standard/No Effect,20,,
,,,,,,"6.25""x12'","5/16""",Colonial Smooth,Dream,"Abby White, Aloe Vera Stem, Aluminum,Aqua Grand,Aqua Spa, Aquafoam, Arborvitae, Balsam Fir, BanyanTree, Blue Carnation, Blue Note, Blue Spruce, Bottle Green, Bouquet Green, Bristol Green, Bronze Star,Cadet Gray, Calypso Green, Caribbean Sea, Casa Green, Celedon Green, Celery White, Chantilly Lace, Cilantro Leaf, Citrine White, Climbing Vine, Coastal Fog, Country Green, Cristobal Blue, Derby Green, Dulcet Green, Eden Green, Elegant Green, Elm Tree, Empire Emerald, English Lavender, Eucalyptus, Eucalyptus Green, Everglade, Evergreen Forest, Fern Green, Filtered Gold, Firefly, Fishing Boat, Florida Everglades, Forever Green, Four Leaf Clover, First Spring, Front Lawn, Gable Green, Garden of Eden, Gold Leaf, Golden Delicious, Green Acrew, Green Ash, Green Bridge, Green Grass, Green Light, Green Sand, Greenhouse, Hawthorn White, Herbal, Highwater, Homestead Green, Honeydew, Hunter Green, Imperial Green, Irish Lowland, Jaded, Juniper Berry, Kelly Green, Kentucky Bluegrass, Keylime, Leaf Dust, Lime, White Limestone,Linden Green, Melted Ice, Mesa Green, Mint Clover, Minty Fresh, Mississippi Moss, Misty Emerald, Misty Morning, Misty Moss, Nautical White, Neighborhood Park, Newport Green, Not Too Green, Oregano, Oregon Trail, Overcast Green, Overseas, Palm Grove,Pea Shoot, Peaceful Green, Peacock, Precisely Green, Putting Green, Rainfall Green, Robin's Egg, Sage Bush, San Pedro Green, Santa Monica Pier, Sea Glass, Sea Mist, Seaweed Green, Sequoia Green, Sherwood Forest, Sisal Beige, Snowflake White, Solar Energy, Spanish Olive, Spring Buds, Spring Green, Spring Leeks, Spring Sprig, Spruce Green, Succulent Green, Summer Sage, Swamp Grass, Sycamore, Talc White,Tawny Gold, Teal Tide, Topiary Green,Tortugas Green, Tradewind Gray, Tree Canopy, Treelined Street,Tulla Beige, Urban Garden, Wasabi, Weeping Willow, Whispering Pines, White Pine, Willow Green ",Standard/No Effect,20,,
,,,,,,"6.25""x12'","5/16""",Colonial Roughsawn,Primed,Primed,Standard/No Effect,20,,
,,,,,,"6.25""x12'","5/16""",Colonial Roughsawn,Statement,"Aged Pewter, Arctic White, Boothbay Blue, Cobblestone, Evening Blue, Gray Slate, Iron Gray, Khaki Brown, Light Mist, Monteray Taupe, Mountain Sage, Navajo Beige, Night Gray, Pearl Gray, Rich Espresso, Timber Bark
Boothbay Blue
Iron Gray
Gray Slate
Cobblestone
Navajo Beige
Evening Blue
Aged Pewter 
Khaki Brown
Night Gray 
Monteray Taupe
Timber Bark 
Mountain Sage
Pearl Gray 
Light Mist
Rich Espresso",Standard/No Effect,20,,
,,,,,,"6.25""x12'","5/16""",Colonial Roughsawn,Dream,"Abby White, Aloe Vera Stem, Aluminum,Aqua Grand,Aqua Spa, Aquafoam, Arborvitae, Balsam Fir, BanyanTree, Blue Carnation, Blue Note, Blue Spruce, Bottle Green, Bouquet Green, Bristol Green, Bronze Star,Cadet Gray, Calypso Green, Caribbean Sea, Casa Green, Celedon Green, Celery White, Chantilly Lace, Cilantro Leaf, Citrine White, Climbing Vine, Coastal Fog, Country Green, Cristobal Blue, Derby Green, Dulcet Green, Eden Green, Elegant Green, Elm Tree, Empire Emerald, English Lavender, Eucalyptus, Eucalyptus Green, Everglade, Evergreen Forest, Fern Green, Filtered Gold, Firefly, Fishing Boat, Florida Everglades, Forever Green, Four Leaf Clover, First Spring, Front Lawn, Gable Green, Garden of Eden, Gold Leaf, Golden Delicious, Green Acrew, Green Ash, Green Bridge, Green Grass, Green Light, Green Sand, Greenhouse, Hawthorn White, Herbal, Highwater, Homestead Green, Honeydew, Hunter Green, Imperial Green, Irish Lowland, Jaded, Juniper Berry, Kelly Green, Kentucky Bluegrass, Keylime, Leaf Dust, Lime, White Limestone,Linden Green, Melted Ice, Mesa Green, Mint Clover, Minty Fresh, Mississippi Moss, Misty Emerald, Misty Morning, Misty Moss, Nautical White, Neighborhood Park, Newport Green, Not Too Green, Oregano, Oregon Trail, Overcast Green, Overseas, Palm Grove,Pea Shoot, Peaceful Green, Peacock, Precisely Green, Putting Green, Rainfall Green, Robin's Egg, Sage Bush, San Pedro Green, Santa Monica Pier, Sea Glass, Sea Mist, Seaweed Green, Sequoia Green, Sherwood Forest, Sisal Beige, Snowflake White, Solar Energy, Spanish Olive, Spring Buds, Spring Green, Spring Leeks, Spring Sprig, Spruce Green, Succulent Green, Summer Sage, Swamp Grass, Sycamore, Talc White,Tawny Gold, Teal Tide, Topiary Green,Tortugas Green, Tradewind Gray, Tree Canopy, Treelined Street,Tulla Beige, Urban Garden, Wasabi, Weeping Willow, Whispering Pines, White Pine, Willow Green ",Standard/No Effect,20,,
,,,,,,"7.25""x12'","5/16""",Smooth,Primed,Primed,Standard/No Effect,20,,
,,,,,,"8.25""x12'","5/16""",Smooth,Primed,Primed,Standard/No Effect,20,,
,,,,,,"9.25""x12'","5/16""",Smooth,Primed,Primed,Standard/No Effect,20,,
,,,,,,"12.00""x12'","5/16""",Smooth,Primed,Primed,Standard/No Effect,20,,
,,,,,,"7.25""x12'","5/16""",Smooth,Statement,"Aged Pewter, Arctic White, Boothbay Blue, Cobblestone, Evening Blue, Gray Slate, Iron Gray, Khaki Brown, Light Mist, Monteray Taupe, Mountain Sage, Navajo Beige, Night Gray, Pearl Gray, Rich Espresso, Timber Bark
Boothbay Blue
Iron Gray
Gray Slate
Cobblestone
Navajo Beige
Evening Blue
Aged Pewter 
Khaki Brown
Night Gray 
Monteray Taupe
Timber Bark 
Mountain Sage
Pearl Gray 
Light Mist
Rich Espresso",Standard/No Effect,20,,
,,,,,,"8.25""x12'","5/16""",Smooth,Statement,"Aged Pewter, Arctic White, Boothbay Blue, Cobblestone, Evening Blue, Gray Slate, Iron Gray, Khaki Brown, Light Mist, Monteray Taupe, Mountain Sage, Navajo Beige, Night Gray, Pearl Gray, Rich Espresso, Timber Bark
Boothbay Blue
Iron Gray
Gray Slate
Cobblestone
Navajo Beige
Evening Blue
Aged Pewter 
Khaki Brown
Night Gray 
Monteray Taupe
Timber Bark 
Mountain Sage
Pearl Gray 
Light Mist
Rich Espresso",Standard/No Effect,20,,
,,,,,,"9.25""x12'","5/16""",Smooth,Statement,"Aged Pewter, Arctic White, Boothbay Blue, Cobblestone, Evening Blue, Gray Slate, Iron Gray, Khaki Brown, Light Mist, Monteray Taupe, Mountain Sage, Navajo Beige, Night Gray, Pearl Gray, Rich Espresso, Timber Bark
Boothbay Blue
Iron Gray
Gray Slate
Cobblestone
Navajo Beige
Evening Blue
Aged Pewter 
Khaki Brown
Night Gray 
Monteray Taupe
Timber Bark 
Mountain Sage
Pearl Gray 
Light Mist
Rich Espresso",Standard/No Effect,20,,
,,,,,,"12.00""x12'","5/16""",Smooth,Statement,"Aged Pewter, Arctic White, Boothbay Blue, Cobblestone, Evening Blue, Gray Slate, Iron Gray, Khaki Brown, Light Mist, Monteray Taupe, Mountain Sage, Navajo Beige, Night Gray, Pearl Gray, Rich Espresso, Timber Bark
Boothbay Blue
Iron Gray
Gray Slate
Cobblestone
Navajo Beige
Evening Blue
Aged Pewter 
Khaki Brown
Night Gray 
Monteray Taupe
Timber Bark 
Mountain Sage
Pearl Gray 
Light Mist
Rich Espresso",Standard/No Effect,20,,
,,,,,,"7.25""x12'","5/16""",Smooth,Dream,"Abby White, Aloe Vera Stem, Aluminum,Aqua Grand,Aqua Spa, Aquafoam, Arborvitae, Balsam Fir, BanyanTree, Blue Carnation, Blue Note, Blue Spruce, Bottle Green, Bouquet Green, Bristol Green, Bronze Star,Cadet Gray, Calypso Green, Caribbean Sea, Casa Green, Celedon Green, Celery White, Chantilly Lace, Cilantro Leaf, Citrine White, Climbing Vine, Coastal Fog, Country Green, Cristobal Blue, Derby Green, Dulcet Green, Eden Green, Elegant Green, Elm Tree, Empire Emerald, English Lavender, Eucalyptus, Eucalyptus Green, Everglade, Evergreen Forest, Fern Green, Filtered Gold, Firefly, Fishing Boat, Florida Everglades, Forever Green, Four Leaf Clover, First Spring, Front Lawn, Gable Green, Garden of Eden, Gold Leaf, Golden Delicious, Green Acrew, Green Ash, Green Bridge, Green Grass, Green Light, Green Sand, Greenhouse, Hawthorn White, Herbal, Highwater, Homestead Green, Honeydew, Hunter Green, Imperial Green, Irish Lowland, Jaded, Juniper Berry, Kelly Green, Kentucky Bluegrass, Keylime, Leaf Dust, Lime, White Limestone,Linden Green, Melted Ice, Mesa Green, Mint Clover, Minty Fresh, Mississippi Moss, Misty Emerald, Misty Morning, Misty Moss, Nautical White, Neighborhood Park, Newport Green, Not Too Green, Oregano, Oregon Trail, Overcast Green, Overseas, Palm Grove,Pea Shoot, Peaceful Green, Peacock, Precisely Green, Putting Green, Rainfall Green, Robin's Egg, Sage Bush, San Pedro Green, Santa Monica Pier, Sea Glass, Sea Mist, Seaweed Green, Sequoia Green, Sherwood Forest, Sisal Beige, Snowflake White, Solar Energy, Spanish Olive, Spring Buds, Spring Green, Spring Leeks, Spring Sprig, Spruce Green, Succulent Green, Summer Sage, Swamp Grass, Sycamore, Talc White,Tawny Gold, Teal Tide, Topiary Green,Tortugas Green, Tradewind Gray, Tree Canopy, Treelined Street,Tulla Beige, Urban Garden, Wasabi, Weeping Willow, Whispering Pines, White Pine, Willow Green ",Standard/No Effect,20,,
,,,,,,"8.25""x12'","5/16""",Smooth,Dream,"Abby White, Aloe Vera Stem, Aluminum,Aqua Grand,Aqua Spa, Aquafoam, Arborvitae, Balsam Fir, BanyanTree, Blue Carnation, Blue Note, Blue Spruce, Bottle Green, Bouquet Green, Bristol Green, Bronze Star,Cadet Gray, Calypso Green, Caribbean Sea, Casa Green, Celedon Green, Celery White, Chantilly Lace, Cilantro Leaf, Citrine White, Climbing Vine, Coastal Fog, Country Green, Cristobal Blue, Derby Green, Dulcet Green, Eden Green, Elegant Green, Elm Tree, Empire Emerald, English Lavender, Eucalyptus, Eucalyptus Green, Everglade, Evergreen Forest, Fern Green, Filtered Gold, Firefly, Fishing Boat, Florida Everglades, Forever Green, Four Leaf Clover, First Spring, Front Lawn, Gable Green, Garden of Eden, Gold Leaf, Golden Delicious, Green Acrew, Green Ash, Green Bridge, Green Grass, Green Light, Green Sand, Greenhouse, Hawthorn White, Herbal, Highwater, Homestead Green, Honeydew, Hunter Green, Imperial Green, Irish Lowland, Jaded, Juniper Berry, Kelly Green, Kentucky Bluegrass, Keylime, Leaf Dust, Lime, White Limestone,Linden Green, Melted Ice, Mesa Green, Mint Clover, Minty Fresh, Mississippi Moss, Misty Emerald, Misty Morning, Misty Moss, Nautical White, Neighborhood Park, Newport Green, Not Too Green, Oregano, Oregon Trail, Overcast Green, Overseas, Palm Grove,Pea Shoot, Peaceful Green, Peacock, Precisely Green, Putting Green, Rainfall Green, Robin's Egg, Sage Bush, San Pedro Green, Santa Monica Pier, Sea Glass, Sea Mist, Seaweed Green, Sequoia Green, Sherwood Forest, Sisal Beige, Snowflake White, Solar Energy, Spanish Olive, Spring Buds, Spring Green, Spring Leeks, Spring Sprig, Spruce Green, Succulent Green, Summer Sage, Swamp Grass, Sycamore, Talc White,Tawny Gold, Teal Tide, Topiary Green,Tortugas Green, Tradewind Gray, Tree Canopy, Treelined Street,Tulla Beige, Urban Garden, Wasabi, Weeping Willow, Whispering Pines, White Pine, Willow Green ",Standard/No Effect,20,,
,,,,,,"9.25""x12'","5/16""",Smooth,Dream,"Abby White, Aloe Vera Stem, Aluminum,Aqua Grand,Aqua Spa, Aquafoam, Arborvitae, Balsam Fir, BanyanTree, Blue Carnation, Blue Note, Blue Spruce, Bottle Green, Bouquet Green, Bristol Green, Bronze Star,Cadet Gray, Calypso Green, Caribbean Sea, Casa Green, Celedon Green, Celery White, Chantilly Lace, Cilantro Leaf, Citrine White, Climbing Vine, Coastal Fog, Country Green, Cristobal Blue, Derby Green, Dulcet Green, Eden Green, Elegant Green, Elm Tree, Empire Emerald, English Lavender, Eucalyptus, Eucalyptus Green, Everglade, Evergreen Forest, Fern Green, Filtered Gold, Firefly, Fishing Boat, Florida Everglades, Forever Green, Four Leaf Clover, First Spring, Front Lawn, Gable Green, Garden of Eden, Gold Leaf, Golden Delicious, Green Acrew, Green Ash, Green Bridge, Green Grass, Green Light, Green Sand, Greenhouse, Hawthorn White, Herbal, Highwater, Homestead Green, Honeydew, Hunter Green, Imperial Green, Irish Lowland, Jaded, Juniper Berry, Kelly Green, Kentucky Bluegrass, Keylime, Leaf Dust, Lime, White Limestone,Linden Green, Melted Ice, Mesa Green, Mint Clover, Minty Fresh, Mississippi Moss, Misty Emerald, Misty Morning, Misty Moss, Nautical White, Neighborhood Park, Newport Green, Not Too Green, Oregano, Oregon Trail, Overcast Green, Overseas, Palm Grove,Pea Shoot, Peaceful Green, Peacock, Precisely Green, Putting Green, Rainfall Green, Robin's Egg, Sage Bush, San Pedro Green, Santa Monica Pier, Sea Glass, Sea Mist, Seaweed Green, Sequoia Green, Sherwood Forest, Sisal Beige, Snowflake White, Solar Energy, Spanish Olive, Spring Buds, Spring Green, Spring Leeks, Spring Sprig, Spruce Green, Succulent Green, Summer Sage, Swamp Grass, Sycamore, Talc White,Tawny Gold, Teal Tide, Topiary Green,Tortugas Green, Tradewind Gray, Tree Canopy, Treelined Street,Tulla Beige, Urban Garden, Wasabi, Weeping Willow, Whispering Pines, White Pine, Willow Green ",Standard/No Effect,20,,
,,,,,,"12.00""x12'","5/16""",Smooth,Dream,"Abby White, Aloe Vera Stem, Aluminum,Aqua Grand,Aqua Spa, Aquafoam, Arborvitae, Balsam Fir, BanyanTree, Blue Carnation, Blue Note, Blue Spruce, Bottle Green, Bouquet Green, Bristol Green, Bronze Star,Cadet Gray, Calypso Green, Caribbean Sea, Casa Green, Celedon Green, Celery White, Chantilly Lace, Cilantro Leaf, Citrine White, Climbing Vine, Coastal Fog, Country Green, Cristobal Blue, Derby Green, Dulcet Green, Eden Green, Elegant Green, Elm Tree, Empire Emerald, English Lavender, Eucalyptus, Eucalyptus Green, Everglade, Evergreen Forest, Fern Green, Filtered Gold, Firefly, Fishing Boat, Florida Everglades, Forever Green, Four Leaf Clover, First Spring, Front Lawn, Gable Green, Garden of Eden, Gold Leaf, Golden Delicious, Green Acrew, Green Ash, Green Bridge, Green Grass, Green Light, Green Sand, Greenhouse, Hawthorn White, Herbal, Highwater, Homestead Green, Honeydew, Hunter Green, Imperial Green, Irish Lowland, Jaded, Juniper Berry, Kelly Green, Kentucky Bluegrass, Keylime, Leaf Dust, Lime, White Limestone,Linden Green, Melted Ice, Mesa Green, Mint Clover, Minty Fresh, Mississippi Moss, Misty Emerald, Misty Morning, Misty Moss, Nautical White, Neighborhood Park, Newport Green, Not Too Green, Oregano, Oregon Trail, Overcast Green, Overseas, Palm Grove,Pea Shoot, Peaceful Green, Peacock, Precisely Green, Putting Green, Rainfall Green, Robin's Egg, Sage Bush, San Pedro Green, Santa Monica Pier, Sea Glass, Sea Mist, Seaweed Green, Sequoia Green, Sherwood Forest, Sisal Beige, Snowflake White, Solar Energy, Spanish Olive, Spring Buds, Spring Green, Spring Leeks, Spring Sprig, Spruce Green, Succulent Green, Summer Sage, Swamp Grass, Sycamore, Talc White,Tawny Gold, Teal Tide, Topiary Green,Tortugas Green, Tradewind Gray, Tree Canopy, Treelined Street,Tulla Beige, Urban Garden, Wasabi, Weeping Willow, Whispering Pines, White Pine, Willow Green ",Standard/No Effect,20,,
,,,,,,"7.25""x12'","5/16""",Woodgrain,Primed,Primed,Standard/No Effect,20,,
,,,,,,"8.25""x12'","5/16""",Woodgrain,Primed,Primed,Standard/No Effect,20,,
,,,,,,"9.25""x12'","5/16""",Woodgrain,Primed,Primed,Standard/No Effect,20,,
,,,,,,"12.00""x12'","5/16""",Woodgrain,Primed,Primed,Standard/No Effect,20,,
,,,,,,"7.25""x12'","5/16""",Woodgrain,Statement,"Aged Pewter, Arctic White, Boothbay Blue, Cobblestone, Evening Blue, Gray Slate, Iron Gray, Khaki Brown, Light Mist, Monteray Taupe, Mountain Sage, Navajo Beige, Night Gray, Pearl Gray, Rich Espresso, Timber Bark
Boothbay Blue
Iron Gray
Gray Slate
Cobblestone
Navajo Beige
Evening Blue
Aged Pewter 
Khaki Brown
Night Gray 
Monteray Taupe
Timber Bark 
Mountain Sage
Pearl Gray 
Light Mist
Rich Espresso",Standard/No Effect,20,,
,,,,,,"8.25""x12'","5/16""",Woodgrain,Statement,"Aged Pewter, Arctic White, Boothbay Blue, Cobblestone, Evening Blue, Gray Slate, Iron Gray, Khaki Brown, Light Mist, Monteray Taupe, Mountain Sage, Navajo Beige, Night Gray, Pearl Gray, Rich Espresso, Timber Bark
Boothbay Blue
Iron Gray
Gray Slate
Cobblestone
Navajo Beige
Evening Blue
Aged Pewter 
Khaki Brown
Night Gray 
Monteray Taupe
Timber Bark 
Mountain Sage
Pearl Gray 
Light Mist
Rich Espresso",Standard/No Effect,20,,
,,,,,,"9.25""x12'","5/16""",Woodgrain,Statement,"Aged Pewter, Arctic White, Boothbay Blue, Cobblestone, Evening Blue, Gray Slate, Iron Gray, Khaki Brown, Light Mist, Monteray Taupe, Mountain Sage, Navajo Beige, Night Gray, Pearl Gray, Rich Espresso, Timber Bark
Boothbay Blue
Iron Gray
Gray Slate
Cobblestone
Navajo Beige
Evening Blue
Aged Pewter 
Khaki Brown
Night Gray 
Monteray Taupe
Timber Bark 
Mountain Sage
Pearl Gray 
Light Mist
Rich Espresso",Standard/No Effect,20,,
,,,,,,"12.00""x12'","5/16""",Woodgrain,Statement,"Aged Pewter, Arctic White, Boothbay Blue, Cobblestone, Evening Blue, Gray Slate, Iron Gray, Khaki Brown, Light Mist, Monteray Taupe, Mountain Sage, Navajo Beige, Night Gray, Pearl Gray, Rich Espresso, Timber Bark
Boothbay Blue
Iron Gray
Gray Slate
Cobblestone
Navajo Beige
Evening Blue
Aged Pewter 
Khaki Brown
Night Gray 
Monteray Taupe
Timber Bark 
Mountain Sage
Pearl Gray 
Light Mist
Rich Espresso",Standard/No Effect,20,,
,,,,,,"7.25""x12'","5/16""",Woodgrain,Dream,"Abby White, Aloe Vera Stem, Aluminum,Aqua Grand,Aqua Spa, Aquafoam, Arborvitae, Balsam Fir, BanyanTree, Blue Carnation, Blue Note, Blue Spruce, Bottle Green, Bouquet Green, Bristol Green, Bronze Star,Cadet Gray, Calypso Green, Caribbean Sea, Casa Green, Celedon Green, Celery White, Chantilly Lace, Cilantro Leaf, Citrine White, Climbing Vine, Coastal Fog, Country Green, Cristobal Blue, Derby Green, Dulcet Green, Eden Green, Elegant Green, Elm Tree, Empire Emerald, English Lavender, Eucalyptus, Eucalyptus Green, Everglade, Evergreen Forest, Fern Green, Filtered Gold, Firefly, Fishing Boat, Florida Everglades, Forever Green, Four Leaf Clover, First Spring, Front Lawn, Gable Green, Garden of Eden, Gold Leaf, Golden Delicious, Green Acrew, Green Ash, Green Bridge, Green Grass, Green Light, Green Sand, Greenhouse, Hawthorn White, Herbal, Highwater, Homestead Green, Honeydew, Hunter Green, Imperial Green, Irish Lowland, Jaded, Juniper Berry, Kelly Green, Kentucky Bluegrass, Keylime, Leaf Dust, Lime, White Limestone,Linden Green, Melted Ice, Mesa Green, Mint Clover, Minty Fresh, Mississippi Moss, Misty Emerald, Misty Morning, Misty Moss, Nautical White, Neighborhood Park, Newport Green, Not Too Green, Oregano, Oregon Trail, Overcast Green, Overseas, Palm Grove,Pea Shoot, Peaceful Green, Peacock, Precisely Green, Putting Green, Rainfall Green, Robin's Egg, Sage Bush, San Pedro Green, Santa Monica Pier, Sea Glass, Sea Mist, Seaweed Green, Sequoia Green, Sherwood Forest, Sisal Beige, Snowflake White, Solar Energy, Spanish Olive, Spring Buds, Spring Green, Spring Leeks, Spring Sprig, Spruce Green, Succulent Green, Summer Sage, Swamp Grass, Sycamore, Talc White,Tawny Gold, Teal Tide, Topiary Green,Tortugas Green, Tradewind Gray, Tree Canopy, Treelined Street,Tulla Beige, Urban Garden, Wasabi, Weeping Willow, Whispering Pines, White Pine, Willow Green ",Standard/No Effect,20,,
,,,,,,"8.25""x12'","5/16""",Woodgrain,Dream,"Abby White, Aloe Vera Stem, Aluminum,Aqua Grand,Aqua Spa, Aquafoam, Arborvitae, Balsam Fir, BanyanTree, Blue Carnation, Blue Note, Blue Spruce, Bottle Green, Bouquet Green, Bristol Green, Bronze Star,Cadet Gray, Calypso Green, Caribbean Sea, Casa Green, Celedon Green, Celery White, Chantilly Lace, Cilantro Leaf, Citrine White, Climbing Vine, Coastal Fog, Country Green, Cristobal Blue, Derby Green, Dulcet Green, Eden Green, Elegant Green, Elm Tree, Empire Emerald, English Lavender, Eucalyptus, Eucalyptus Green, Everglade, Evergreen Forest, Fern Green, Filtered Gold, Firefly, Fishing Boat, Florida Everglades, Forever Green, Four Leaf Clover, First Spring, Front Lawn, Gable Green, Garden of Eden, Gold Leaf, Golden Delicious, Green Acrew, Green Ash, Green Bridge, Green Grass, Green Light, Green Sand, Greenhouse, Hawthorn White, Herbal, Highwater, Homestead Green, Honeydew, Hunter Green, Imperial Green, Irish Lowland, Jaded, Juniper Berry, Kelly Green, Kentucky Bluegrass, Keylime, Leaf Dust, Lime, White Limestone,Linden Green, Melted Ice, Mesa Green, Mint Clover, Minty Fresh, Mississippi Moss, Misty Emerald, Misty Morning, Misty Moss, Nautical White, Neighborhood Park, Newport Green, Not Too Green, Oregano, Oregon Trail, Overcast Green, Overseas, Palm Grove,Pea Shoot, Peaceful Green, Peacock, Precisely Green, Putting Green, Rainfall Green, Robin's Egg, Sage Bush, San Pedro Green, Santa Monica Pier, Sea Glass, Sea Mist, Seaweed Green, Sequoia Green, Sherwood Forest, Sisal Beige, Snowflake White, Solar Energy, Spanish Olive, Spring Buds, Spring Green, Spring Leeks, Spring Sprig, Spruce Green, Succulent Green, Summer Sage, Swamp Grass, Sycamore, Talc White,Tawny Gold, Teal Tide, Topiary Green,Tortugas Green, Tradewind Gray, Tree Canopy, Treelined Street,Tulla Beige, Urban Garden, Wasabi, Weeping Willow, Whispering Pines, White Pine, Willow Green ",Standard/No Effect,20,,
,,,,,,"9.25""x12'","5/16""",Woodgrain,Dream,"Abby White, Aloe Vera Stem, Aluminum,Aqua Grand,Aqua Spa, Aquafoam, Arborvitae, Balsam Fir, BanyanTree, Blue Carnation, Blue Note, Blue Spruce, Bottle Green, Bouquet Green, Bristol Green, Bronze Star,Cadet Gray, Calypso Green, Caribbean Sea, Casa Green, Celedon Green, Celery White, Chantilly Lace, Cilantro Leaf, Citrine White, Climbing Vine, Coastal Fog, Country Green, Cristobal Blue, Derby Green, Dulcet Green, Eden Green, Elegant Green, Elm Tree, Empire Emerald, English Lavender, Eucalyptus, Eucalyptus Green, Everglade, Evergreen Forest, Fern Green, Filtered Gold, Firefly, Fishing Boat, Florida Everglades, Forever Green, Four Leaf Clover, First Spring, Front Lawn, Gable Green, Garden of Eden, Gold Leaf, Golden Delicious, Green Acrew, Green Ash, Green Bridge, Green Grass, Green Light, Green Sand, Greenhouse, Hawthorn White, Herbal, Highwater, Homestead Green, Honeydew, Hunter Green, Imperial Green, Irish Lowland, Jaded, Juniper Berry, Kelly Green, Kentucky Bluegrass, Keylime, Leaf Dust, Lime, White Limestone,Linden Green, Melted Ice, Mesa Green, Mint Clover, Minty Fresh, Mississippi Moss, Misty Emerald, Misty Morning, Misty Moss, Nautical White, Neighborhood Park, Newport Green, Not Too Green, Oregano, Oregon Trail, Overcast Green, Overseas, Palm Grove,Pea Shoot, Peaceful Green, Peacock, Precisely Green, Putting Green, Rainfall Green, Robin's Egg, Sage Bush, San Pedro Green, Santa Monica Pier, Sea Glass, Sea Mist, Seaweed Green, Sequoia Green, Sherwood Forest, Sisal Beige, Snowflake White, Solar Energy, Spanish Olive, Spring Buds, Spring Green, Spring Leeks, Spring Sprig, Spruce Green, Succulent Green, Summer Sage, Swamp Grass, Sycamore, Talc White,Tawny Gold, Teal Tide, Topiary Green,Tortugas Green, Tradewind Gray, Tree Canopy, Treelined Street,Tulla Beige, Urban Garden, Wasabi, Weeping Willow, Whispering Pines, White Pine, Willow Green ",Standard/No Effect,20,,
,,,,,,"12.00""x12'","5/16""",Woodgrain,Dream,"Abby White, Aloe Vera Stem, Aluminum,Aqua Grand,Aqua Spa, Aquafoam, Arborvitae, Balsam Fir, BanyanTree, Blue Carnation, Blue Note, Blue Spruce, Bottle Green, Bouquet Green, Bristol Green, Bronze Star,Cadet Gray, Calypso Green, Caribbean Sea, Casa Green, Celedon Green, Celery White, Chantilly Lace, Cilantro Leaf, Citrine White, Climbing Vine, Coastal Fog, Country Green, Cristobal Blue, Derby Green, Dulcet Green, Eden Green, Elegant Green, Elm Tree, Empire Emerald, English Lavender, Eucalyptus, Eucalyptus Green, Everglade, Evergreen Forest, Fern Green, Filtered Gold, Firefly, Fishing Boat, Florida Everglades, Forever Green, Four Leaf Clover, First Spring, Front Lawn, Gable Green, Garden of Eden, Gold Leaf, Golden Delicious, Green Acrew, Green Ash, Green Bridge, Green Grass, Green Light, Green Sand, Greenhouse, Hawthorn White, Herbal, Highwater, Homestead Green, Honeydew, Hunter Green, Imperial Green, Irish Lowland, Jaded, Juniper Berry, Kelly Green, Kentucky Bluegrass, Keylime, Leaf Dust, Lime, White Limestone,Linden Green, Melted Ice, Mesa Green, Mint Clover, Minty Fresh, Mississippi Moss, Misty Emerald, Misty Morning, Misty Moss, Nautical White, Neighborhood Park, Newport Green, Not Too Green, Oregano, Oregon Trail, Overcast Green, Overseas, Palm Grove,Pea Shoot, Peaceful Green, Peacock, Precisely Green, Putting Green, Rainfall Green, Robin's Egg, Sage Bush, San Pedro Green, Santa Monica Pier, Sea Glass, Sea Mist, Seaweed Green, Sequoia Green, Sherwood Forest, Sisal Beige, Snowflake White, Solar Energy, Spanish Olive, Spring Buds, Spring Green, Spring Leeks, Spring Sprig, Spruce Green, Succulent Green, Summer Sage, Swamp Grass, Sycamore, Talc White,Tawny Gold, Teal Tide, Topiary Green,Tortugas Green, Tradewind Gray, Tree Canopy, Treelined Street,Tulla Beige, Urban Garden, Wasabi, Weeping Willow, Whispering Pines, White Pine, Willow Green ",Standard/No Effect,20,,
,,,,,,"7.25""x12'","5/16""",Beaded Smooth,Primed,Primed,Standard/No Effect,20,,
,,,,,,"8.25""x12'","5/16""",Beaded Smooth,Primed,Primed,Standard/No Effect,20,,
,,,,,,"9.25""x12'","5/16""",Beaded Smooth,Primed,Primed,Standard/No Effect,20,,
,,,,,,"12.00""x12'","5/16""",Beaded Smooth,Primed,Primed,Standard/No Effect,20,,
,,,,,,"7.25""x12'","5/16""",Beaded Smooth,Statement,"Aged Pewter, Arctic White, Boothbay Blue, Cobblestone, Evening Blue, Gray Slate, Iron Gray, Khaki Brown, Light Mist, Monteray Taupe, Mountain Sage, Navajo Beige, Night Gray, Pearl Gray, Rich Espresso, Timber Bark
Boothbay Blue
Iron Gray
Gray Slate
Cobblestone
Navajo Beige
Evening Blue
Aged Pewter 
Khaki Brown
Night Gray 
Monteray Taupe
Timber Bark 
Mountain Sage
Pearl Gray 
Light Mist
Rich Espresso",Standard/No Effect,20,,
,,,,,,"8.25""x12'","5/16""",Beaded Smooth,Statement,"Aged Pewter, Arctic White, Boothbay Blue, Cobblestone, Evening Blue, Gray Slate, Iron Gray, Khaki Brown, Light Mist, Monteray Taupe, Mountain Sage, Navajo Beige, Night Gray, Pearl Gray, Rich Espresso, Timber Bark
Boothbay Blue
Iron Gray
Gray Slate
Cobblestone
Navajo Beige
Evening Blue
Aged Pewter 
Khaki Brown
Night Gray 
Monteray Taupe
Timber Bark 
Mountain Sage
Pearl Gray 
Light Mist
Rich Espresso",Standard/No Effect,20,,
,,,,,,"9.25""x12'","5/16""",Beaded Smooth,Statement,"Aged Pewter, Arctic White, Boothbay Blue, Cobblestone, Evening Blue, Gray Slate, Iron Gray, Khaki Brown, Light Mist, Monteray Taupe, Mountain Sage, Navajo Beige, Night Gray, Pearl Gray, Rich Espresso, Timber Bark
Boothbay Blue
Iron Gray
Gray Slate
Cobblestone
Navajo Beige
Evening Blue
Aged Pewter 
Khaki Brown
Night Gray 
Monteray Taupe
Timber Bark 
Mountain Sage
Pearl Gray 
Light Mist
Rich Espresso",Standard/No Effect,20,,
,,,,,,"12.00""x12'","5/16""",Beaded Smooth,Statement,"Aged Pewter, Arctic White, Boothbay Blue, Cobblestone, Evening Blue, Gray Slate, Iron Gray, Khaki Brown, Light Mist, Monteray Taupe, Mountain Sage, Navajo Beige, Night Gray, Pearl Gray, Rich Espresso, Timber Bark
Boothbay Blue
Iron Gray
Gray Slate
Cobblestone
Navajo Beige
Evening Blue
Aged Pewter 
Khaki Brown
Night Gray 
Monteray Taupe
Timber Bark 
Mountain Sage
Pearl Gray 
Light Mist
Rich Espresso",Standard/No Effect,20,,
,,,,,,"7.25""x12'","5/16""",Beaded Smooth,Dream,"Abby White, Aloe Vera Stem, Aluminum,Aqua Grand,Aqua Spa, Aquafoam, Arborvitae, Balsam Fir, BanyanTree, Blue Carnation, Blue Note, Blue Spruce, Bottle Green, Bouquet Green, Bristol Green, Bronze Star,Cadet Gray, Calypso Green, Caribbean Sea, Casa Green, Celedon Green, Celery White, Chantilly Lace, Cilantro Leaf, Citrine White, Climbing Vine, Coastal Fog, Country Green, Cristobal Blue, Derby Green, Dulcet Green, Eden Green, Elegant Green, Elm Tree, Empire Emerald, English Lavender, Eucalyptus, Eucalyptus Green, Everglade, Evergreen Forest, Fern Green, Filtered Gold, Firefly, Fishing Boat, Florida Everglades, Forever Green, Four Leaf Clover, First Spring, Front Lawn, Gable Green, Garden of Eden, Gold Leaf, Golden Delicious, Green Acrew, Green Ash, Green Bridge, Green Grass, Green Light, Green Sand, Greenhouse, Hawthorn White, Herbal, Highwater, Homestead Green, Honeydew, Hunter Green, Imperial Green, Irish Lowland, Jaded, Juniper Berry, Kelly Green, Kentucky Bluegrass, Keylime, Leaf Dust, Lime, White Limestone,Linden Green, Melted Ice, Mesa Green, Mint Clover, Minty Fresh, Mississippi Moss, Misty Emerald, Misty Morning, Misty Moss, Nautical White, Neighborhood Park, Newport Green, Not Too Green, Oregano, Oregon Trail, Overcast Green, Overseas, Palm Grove,Pea Shoot, Peaceful Green, Peacock, Precisely Green, Putting Green, Rainfall Green, Robin's Egg, Sage Bush, San Pedro Green, Santa Monica Pier, Sea Glass, Sea Mist, Seaweed Green, Sequoia Green, Sherwood Forest, Sisal Beige, Snowflake White, Solar Energy, Spanish Olive, Spring Buds, Spring Green, Spring Leeks, Spring Sprig, Spruce Green, Succulent Green, Summer Sage, Swamp Grass, Sycamore, Talc White,Tawny Gold, Teal Tide, Topiary Green,Tortugas Green, Tradewind Gray, Tree Canopy, Treelined Street,Tulla Beige, Urban Garden, Wasabi, Weeping Willow, Whispering Pines, White Pine, Willow Green ",Standard/No Effect,20,,
,,,,,,"8.25""x12'","5/16""",Beaded Smooth,Dream,"Abby White, Aloe Vera Stem, Aluminum,Aqua Grand,Aqua Spa, Aquafoam, Arborvitae, Balsam Fir, BanyanTree, Blue Carnation, Blue Note, Blue Spruce, Bottle Green, Bouquet Green, Bristol Green, Bronze Star,Cadet Gray, Calypso Green, Caribbean Sea, Casa Green, Celedon Green, Celery White, Chantilly Lace, Cilantro Leaf, Citrine White, Climbing Vine, Coastal Fog, Country Green, Cristobal Blue, Derby Green, Dulcet Green, Eden Green, Elegant Green, Elm Tree, Empire Emerald, English Lavender, Eucalyptus, Eucalyptus Green, Everglade, Evergreen Forest, Fern Green, Filtered Gold, Firefly, Fishing Boat, Florida Everglades, Forever Green, Four Leaf Clover, First Spring, Front Lawn, Gable Green, Garden of Eden, Gold Leaf, Golden Delicious, Green Acrew, Green Ash, Green Bridge, Green Grass, Green Light, Green Sand, Greenhouse, Hawthorn White, Herbal, Highwater, Homestead Green, Honeydew, Hunter Green, Imperial Green, Irish Lowland, Jaded, Juniper Berry, Kelly Green, Kentucky Bluegrass, Keylime, Leaf Dust, Lime, White Limestone,Linden Green, Melted Ice, Mesa Green, Mint Clover, Minty Fresh, Mississippi Moss, Misty Emerald, Misty Morning, Misty Moss, Nautical White, Neighborhood Park, Newport Green, Not Too Green, Oregano, Oregon Trail, Overcast Green, Overseas, Palm Grove,Pea Shoot, Peaceful Green, Peacock, Precisely Green, Putting Green, Rainfall Green, Robin's Egg, Sage Bush, San Pedro Green, Santa Monica Pier, Sea Glass, Sea Mist, Seaweed Green, Sequoia Green, Sherwood Forest, Sisal Beige, Snowflake White, Solar Energy, Spanish Olive, Spring Buds, Spring Green, Spring Leeks, Spring Sprig, Spruce Green, Succulent Green, Summer Sage, Swamp Grass, Sycamore, Talc White,Tawny Gold, Teal Tide, Topiary Green,Tortugas Green, Tradewind Gray, Tree Canopy, Treelined Street,Tulla Beige, Urban Garden, Wasabi, Weeping Willow, Whispering Pines, White Pine, Willow Green ",Standard/No Effect,20,,
,,,,,,"9.25""x12'","5/16""",Beaded Smooth,Dream,"Abby White, Aloe Vera Stem, Aluminum,Aqua Grand,Aqua Spa, Aquafoam, Arborvitae, Balsam Fir, BanyanTree, Blue Carnation, Blue Note, Blue Spruce, Bottle Green, Bouquet Green, Bristol Green, Bronze Star,Cadet Gray, Calypso Green, Caribbean Sea, Casa Green, Celedon Green, Celery White, Chantilly Lace, Cilantro Leaf, Citrine White, Climbing Vine, Coastal Fog, Country Green, Cristobal Blue, Derby Green, Dulcet Green, Eden Green, Elegant Green, Elm Tree, Empire Emerald, English Lavender, Eucalyptus, Eucalyptus Green, Everglade, Evergreen Forest, Fern Green, Filtered Gold, Firefly, Fishing Boat, Florida Everglades, Forever Green, Four Leaf Clover, First Spring, Front Lawn, Gable Green, Garden of Eden, Gold Leaf, Golden Delicious, Green Acrew, Green Ash, Green Bridge, Green Grass, Green Light, Green Sand, Greenhouse, Hawthorn White, Herbal, Highwater, Homestead Green, Honeydew, Hunter Green, Imperial Green, Irish Lowland, Jaded, Juniper Berry, Kelly Green, Kentucky Bluegrass, Keylime, Leaf Dust, Lime, White Limestone,Linden Green, Melted Ice, Mesa Green, Mint Clover, Minty Fresh, Mississippi Moss, Misty Emerald, Misty Morning, Misty Moss, Nautical White, Neighborhood Park, Newport Green, Not Too Green, Oregano, Oregon Trail, Overcast Green, Overseas, Palm Grove,Pea Shoot, Peaceful Green, Peacock, Precisely Green, Putting Green, Rainfall Green, Robin's Egg, Sage Bush, San Pedro Green, Santa Monica Pier, Sea Glass, Sea Mist, Seaweed Green, Sequoia Green, Sherwood Forest, Sisal Beige, Snowflake White, Solar Energy, Spanish Olive, Spring Buds, Spring Green, Spring Leeks, Spring Sprig, Spruce Green, Succulent Green, Summer Sage, Swamp Grass, Sycamore, Talc White,Tawny Gold, Teal Tide, Topiary Green,Tortugas Green, Tradewind Gray, Tree Canopy, Treelined Street,Tulla Beige, Urban Garden, Wasabi, Weeping Willow, Whispering Pines, White Pine, Willow Green ",Standard/No Effect,20,,
,,,,,,"12.00""x12'","5/16""",Beaded Smooth,Dream,"Abby White, Aloe Vera Stem, Aluminum,Aqua Grand,Aqua Spa, Aquafoam, Arborvitae, Balsam Fir, BanyanTree, Blue Carnation, Blue Note, Blue Spruce, Bottle Green, Bouquet Green, Bristol Green, Bronze Star,Cadet Gray, Calypso Green, Caribbean Sea, Casa Green, Celedon Green, Celery White, Chantilly Lace, Cilantro Leaf, Citrine White, Climbing Vine, Coastal Fog, Country Green, Cristobal Blue, Derby Green, Dulcet Green, Eden Green, Elegant Green, Elm Tree, Empire Emerald, English Lavender, Eucalyptus, Eucalyptus Green, Everglade, Evergreen Forest, Fern Green, Filtered Gold, Firefly, Fishing Boat, Florida Everglades, Forever Green, Four Leaf Clover, First Spring, Front Lawn, Gable Green, Garden of Eden, Gold Leaf, Golden Delicious, Green Acrew, Green Ash, Green Bridge, Green Grass, Green Light, Green Sand, Greenhouse, Hawthorn White, Herbal, Highwater, Homestead Green, Honeydew, Hunter Green, Imperial Green, Irish Lowland, Jaded, Juniper Berry, Kelly Green, Kentucky Bluegrass, Keylime, Leaf Dust, Lime, White Limestone,Linden Green, Melted Ice, Mesa Green, Mint Clover, Minty Fresh, Mississippi Moss, Misty Emerald, Misty Morning, Misty Moss, Nautical White, Neighborhood Park, Newport Green, Not Too Green, Oregano, Oregon Trail, Overcast Green, Overseas, Palm Grove,Pea Shoot, Peaceful Green, Peacock, Precisely Green, Putting Green, Rainfall Green, Robin's Egg, Sage Bush, San Pedro Green, Santa Monica Pier, Sea Glass, Sea Mist, Seaweed Green, Sequoia Green, Sherwood Forest, Sisal Beige, Snowflake White, Solar Energy, Spanish Olive, Spring Buds, Spring Green, Spring Leeks, Spring Sprig, Spruce Green, Succulent Green, Summer Sage, Swamp Grass, Sycamore, Talc White,Tawny Gold, Teal Tide, Topiary Green,Tortugas Green, Tradewind Gray, Tree Canopy, Treelined Street,Tulla Beige, Urban Garden, Wasabi, Weeping Willow, Whispering Pines, White Pine, Willow Green ",Standard/No Effect,20,,
,,,,,,"7.25""x12'","5/16""",Beaded Cedarmill,Primed,Primed,Standard/No Effect,20,,
,,,,,,"8.25""x12'","5/16""",Beaded Cedarmill,Primed,Primed,Standard/No Effect,20,,
,,,,,,"9.25""x12'","5/16""",Beaded Cedarmill,Primed,Primed,Standard/No Effect,20,,
,,,,,,"12.00""x12'","5/16""",Beaded Cedarmill,Primed,Primed,Standard/No Effect,20,,
,,,,,,"7.25""x12'","5/16""",Beaded Cedarmill,Statement,"Aged Pewter, Arctic White, Boothbay Blue, Cobblestone, Evening Blue, Gray Slate, Iron Gray, Khaki Brown, Light Mist, Monteray Taupe, Mountain Sage, Navajo Beige, Night Gray, Pearl Gray, Rich Espresso, Timber Bark
Boothbay Blue
Iron Gray
Gray Slate
Cobblestone
Navajo Beige
Evening Blue
Aged Pewter 
Khaki Brown
Night Gray 
Monteray Taupe
Timber Bark 
Mountain Sage
Pearl Gray 
Light Mist
Rich Espresso",Standard/No Effect,20,,
,,,,,,"8.25""x12'","5/16""",Beaded Cedarmill,Statement,"Aged Pewter, Arctic White, Boothbay Blue, Cobblestone, Evening Blue, Gray Slate, Iron Gray, Khaki Brown, Light Mist, Monteray Taupe, Mountain Sage, Navajo Beige, Night Gray, Pearl Gray, Rich Espresso, Timber Bark
Boothbay Blue
Iron Gray
Gray Slate
Cobblestone
Navajo Beige
Evening Blue
Aged Pewter 
Khaki Brown
Night Gray 
Monteray Taupe
Timber Bark 
Mountain Sage
Pearl Gray 
Light Mist
Rich Espresso",Standard/No Effect,20,,
,,,,,,"9.25""x12'","5/16""",Beaded Cedarmill,Statement,"Aged Pewter, Arctic White, Boothbay Blue, Cobblestone, Evening Blue, Gray Slate, Iron Gray, Khaki Brown, Light Mist, Monteray Taupe, Mountain Sage, Navajo Beige, Night Gray, Pearl Gray, Rich Espresso, Timber Bark
Boothbay Blue
Iron Gray
Gray Slate
Cobblestone
Navajo Beige
Evening Blue
Aged Pewter 
Khaki Brown
Night Gray 
Monteray Taupe
Timber Bark 
Mountain Sage
Pearl Gray 
Light Mist
Rich Espresso",Standard/No Effect,20,,
,,,,,,"12.00""x12'","5/16""",Beaded Cedarmill,Statement,"Aged Pewter, Arctic White, Boothbay Blue, Cobblestone, Evening Blue, Gray Slate, Iron Gray, Khaki Brown, Light Mist, Monteray Taupe, Mountain Sage, Navajo Beige, Night Gray, Pearl Gray, Rich Espresso, Timber Bark
Boothbay Blue
Iron Gray
Gray Slate
Cobblestone
Navajo Beige
Evening Blue
Aged Pewter 
Khaki Brown
Night Gray 
Monteray Taupe
Timber Bark 
Mountain Sage
Pearl Gray 
Light Mist
Rich Espresso",Standard/No Effect,20,,
,,,,,,"7.25""x12'","5/16""",Beaded Cedarmill,Dream,"Abby White, Aloe Vera Stem, Aluminum,Aqua Grand,Aqua Spa, Aquafoam, Arborvitae, Balsam Fir, BanyanTree, Blue Carnation, Blue Note, Blue Spruce, Bottle Green, Bouquet Green, Bristol Green, Bronze Star,Cadet Gray, Calypso Green, Caribbean Sea, Casa Green, Celedon Green, Celery White, Chantilly Lace, Cilantro Leaf, Citrine White, Climbing Vine, Coastal Fog, Country Green, Cristobal Blue, Derby Green, Dulcet Green, Eden Green, Elegant Green, Elm Tree, Empire Emerald, English Lavender, Eucalyptus, Eucalyptus Green, Everglade, Evergreen Forest, Fern Green, Filtered Gold, Firefly, Fishing Boat, Florida Everglades, Forever Green, Four Leaf Clover, First Spring, Front Lawn, Gable Green, Garden of Eden, Gold Leaf, Golden Delicious, Green Acrew, Green Ash, Green Bridge, Green Grass, Green Light, Green Sand, Greenhouse, Hawthorn White, Herbal, Highwater, Homestead Green, Honeydew, Hunter Green, Imperial Green, Irish Lowland, Jaded, Juniper Berry, Kelly Green, Kentucky Bluegrass, Keylime, Leaf Dust, Lime, White Limestone,Linden Green, Melted Ice, Mesa Green, Mint Clover, Minty Fresh, Mississippi Moss, Misty Emerald, Misty Morning, Misty Moss, Nautical White, Neighborhood Park, Newport Green, Not Too Green, Oregano, Oregon Trail, Overcast Green, Overseas, Palm Grove,Pea Shoot, Peaceful Green, Peacock, Precisely Green, Putting Green, Rainfall Green, Robin's Egg, Sage Bush, San Pedro Green, Santa Monica Pier, Sea Glass, Sea Mist, Seaweed Green, Sequoia Green, Sherwood Forest, Sisal Beige, Snowflake White, Solar Energy, Spanish Olive, Spring Buds, Spring Green, Spring Leeks, Spring Sprig, Spruce Green, Succulent Green, Summer Sage, Swamp Grass, Sycamore, Talc White,Tawny Gold, Teal Tide, Topiary Green,Tortugas Green, Tradewind Gray, Tree Canopy, Treelined Street,Tulla Beige, Urban Garden, Wasabi, Weeping Willow, Whispering Pines, White Pine, Willow Green ",Standard/No Effect,20,,
,,,,,,"8.25""x12'","5/16""",Beaded Cedarmill,Dream,"Abby White, Aloe Vera Stem, Aluminum,Aqua Grand,Aqua Spa, Aquafoam, Arborvitae, Balsam Fir, BanyanTree, Blue Carnation, Blue Note, Blue Spruce, Bottle Green, Bouquet Green, Bristol Green, Bronze Star,Cadet Gray, Calypso Green, Caribbean Sea, Casa Green, Celedon Green, Celery White, Chantilly Lace, Cilantro Leaf, Citrine White, Climbing Vine, Coastal Fog, Country Green, Cristobal Blue, Derby Green, Dulcet Green, Eden Green, Elegant Green, Elm Tree, Empire Emerald, English Lavender, Eucalyptus, Eucalyptus Green, Everglade, Evergreen Forest, Fern Green, Filtered Gold, Firefly, Fishing Boat, Florida Everglades, Forever Green, Four Leaf Clover, First Spring, Front Lawn, Gable Green, Garden of Eden, Gold Leaf, Golden Delicious, Green Acrew, Green Ash, Green Bridge, Green Grass, Green Light, Green Sand, Greenhouse, Hawthorn White, Herbal, Highwater, Homestead Green, Honeydew, Hunter Green, Imperial Green, Irish Lowland, Jaded, Juniper Berry, Kelly Green, Kentucky Bluegrass, Keylime, Leaf Dust, Lime, White Limestone,Linden Green, Melted Ice, Mesa Green, Mint Clover, Minty Fresh, Mississippi Moss, Misty Emerald, Misty Morning, Misty Moss, Nautical White, Neighborhood Park, Newport Green, Not Too Green, Oregano, Oregon Trail, Overcast Green, Overseas, Palm Grove,Pea Shoot, Peaceful Green, Peacock, Precisely Green, Putting Green, Rainfall Green, Robin's Egg, Sage Bush, San Pedro Green, Santa Monica Pier, Sea Glass, Sea Mist, Seaweed Green, Sequoia Green, Sherwood Forest, Sisal Beige, Snowflake White, Solar Energy, Spanish Olive, Spring Buds, Spring Green, Spring Leeks, Spring Sprig, Spruce Green, Succulent Green, Summer Sage, Swamp Grass, Sycamore, Talc White,Tawny Gold, Teal Tide, Topiary Green,Tortugas Green, Tradewind Gray, Tree Canopy, Treelined Street,Tulla Beige, Urban Garden, Wasabi, Weeping Willow, Whispering Pines, White Pine, Willow Green ",Standard/No Effect,20,,
,,,,,,"9.25""x12'","5/16""",Beaded Cedarmill,Dream,"Abby White, Aloe Vera Stem, Aluminum,Aqua Grand,Aqua Spa, Aquafoam, Arborvitae, Balsam Fir, BanyanTree, Blue Carnation, Blue Note, Blue Spruce, Bottle Green, Bouquet Green, Bristol Green, Bronze Star,Cadet Gray, Calypso Green, Caribbean Sea, Casa Green, Celedon Green, Celery White, Chantilly Lace, Cilantro Leaf, Citrine White, Climbing Vine, Coastal Fog, Country Green, Cristobal Blue, Derby Green, Dulcet Green, Eden Green, Elegant Green, Elm Tree, Empire Emerald, English Lavender, Eucalyptus, Eucalyptus Green, Everglade, Evergreen Forest, Fern Green, Filtered Gold, Firefly, Fishing Boat, Florida Everglades, Forever Green, Four Leaf Clover, First Spring, Front Lawn, Gable Green, Garden of Eden, Gold Leaf, Golden Delicious, Green Acrew, Green Ash, Green Bridge, Green Grass, Green Light, Green Sand, Greenhouse, Hawthorn White, Herbal, Highwater, Homestead Green, Honeydew, Hunter Green, Imperial Green, Irish Lowland, Jaded, Juniper Berry, Kelly Green, Kentucky Bluegrass, Keylime, Leaf Dust, Lime, White Limestone,Linden Green, Melted Ice, Mesa Green, Mint Clover, Minty Fresh, Mississippi Moss, Misty Emerald, Misty Morning, Misty Moss, Nautical White, Neighborhood Park, Newport Green, Not Too Green, Oregano, Oregon Trail, Overcast Green, Overseas, Palm Grove,Pea Shoot, Peaceful Green, Peacock, Precisely Green, Putting Green, Rainfall Green, Robin's Egg, Sage Bush, San Pedro Green, Santa Monica Pier, Sea Glass, Sea Mist, Seaweed Green, Sequoia Green, Sherwood Forest, Sisal Beige, Snowflake White, Solar Energy, Spanish Olive, Spring Buds, Spring Green, Spring Leeks, Spring Sprig, Spruce Green, Succulent Green, Summer Sage, Swamp Grass, Sycamore, Talc White,Tawny Gold, Teal Tide, Topiary Green,Tortugas Green, Tradewind Gray, Tree Canopy, Treelined Street,Tulla Beige, Urban Garden, Wasabi, Weeping Willow, Whispering Pines, White Pine, Willow Green ",Standard/No Effect,20,,
,,,,,,"12.00""x12'","5/16""",Beaded Cedarmill,Dream,"Abby White, Aloe Vera Stem, Aluminum,Aqua Grand,Aqua Spa, Aquafoam, Arborvitae, Balsam Fir, BanyanTree, Blue Carnation, Blue Note, Blue Spruce, Bottle Green, Bouquet Green, Bristol Green, Bronze Star,Cadet Gray, Calypso Green, Caribbean Sea, Casa Green, Celedon Green, Celery White, Chantilly Lace, Cilantro Leaf, Citrine White, Climbing Vine, Coastal Fog, Country Green, Cristobal Blue, Derby Green, Dulcet Green, Eden Green, Elegant Green, Elm Tree, Empire Emerald, English Lavender, Eucalyptus, Eucalyptus Green, Everglade, Evergreen Forest, Fern Green, Filtered Gold, Firefly, Fishing Boat, Florida Everglades, Forever Green, Four Leaf Clover, First Spring, Front Lawn, Gable Green, Garden of Eden, Gold Leaf, Golden Delicious, Green Acrew, Green Ash, Green Bridge, Green Grass, Green Light, Green Sand, Greenhouse, Hawthorn White, Herbal, Highwater, Homestead Green, Honeydew, Hunter Green, Imperial Green, Irish Lowland, Jaded, Juniper Berry, Kelly Green, Kentucky Bluegrass, Keylime, Leaf Dust, Lime, White Limestone,Linden Green, Melted Ice, Mesa Green, Mint Clover, Minty Fresh, Mississippi Moss, Misty Emerald, Misty Morning, Misty Moss, Nautical White, Neighborhood Park, Newport Green, Not Too Green, Oregano, Oregon Trail, Overcast Green, Overseas, Palm Grove,Pea Shoot, Peaceful Green, Peacock, Precisely Green, Putting Green, Rainfall Green, Robin's Egg, Sage Bush, San Pedro Green, Santa Monica Pier, Sea Glass, Sea Mist, Seaweed Green, Sequoia Green, Sherwood Forest, Sisal Beige, Snowflake White, Solar Energy, Spanish Olive, Spring Buds, Spring Green, Spring Leeks, Spring Sprig, Spruce Green, Succulent Green, Summer Sage, Swamp Grass, Sycamore, Talc White,Tawny Gold, Teal Tide, Topiary Green,Tortugas Green, Tradewind Gray, Tree Canopy, Treelined Street,Tulla Beige, Urban Garden, Wasabi, Weeping Willow, Whispering Pines, White Pine, Willow Green ",Standard/No Effect,20,,
,,,,,,"7.25""x12'","5/16""",Colonial Smooth,Primed,Primed,Standard/No Effect,20,,
,,,,,,"8.25""x12'","5/16""",Colonial Smooth,Primed,Primed,Standard/No Effect,20,,
,,,,,,"9.25""x12'","5/16""",Colonial Smooth,Primed,Primed,Standard/No Effect,20,,
,,,,,,"12.00""x12'","5/16""",Colonial Smooth,Primed,Primed,Standard/No Effect,20,,
,,,,,,"7.25""x12'","5/16""",Colonial Smooth,Statement,"Aged Pewter, Arctic White, Boothbay Blue, Cobblestone, Evening Blue, Gray Slate, Iron Gray, Khaki Brown, Light Mist, Monteray Taupe, Mountain Sage, Navajo Beige, Night Gray, Pearl Gray, Rich Espresso, Timber Bark
Boothbay Blue
Iron Gray
Gray Slate
Cobblestone
Navajo Beige
Evening Blue
Aged Pewter 
Khaki Brown
Night Gray 
Monteray Taupe
Timber Bark 
Mountain Sage
Pearl Gray 
Light Mist
Rich Espresso",Standard/No Effect,20,,
,,,,,,"8.25""x12'","5/16""",Colonial Smooth,Statement,"Aged Pewter, Arctic White, Boothbay Blue, Cobblestone, Evening Blue, Gray Slate, Iron Gray, Khaki Brown, Light Mist, Monteray Taupe, Mountain Sage, Navajo Beige, Night Gray, Pearl Gray, Rich Espresso, Timber Bark
Boothbay Blue
Iron Gray
Gray Slate
Cobblestone
Navajo Beige
Evening Blue
Aged Pewter 
Khaki Brown
Night Gray 
Monteray Taupe
Timber Bark 
Mountain Sage
Pearl Gray 
Light Mist
Rich Espresso",Standard/No Effect,20,,
,,,,,,"9.25""x12'","5/16""",Colonial Smooth,Statement,"Aged Pewter, Arctic White, Boothbay Blue, Cobblestone, Evening Blue, Gray Slate, Iron Gray, Khaki Brown, Light Mist, Monteray Taupe, Mountain Sage, Navajo Beige, Night Gray, Pearl Gray, Rich Espresso, Timber Bark
Boothbay Blue
Iron Gray
Gray Slate
Cobblestone
Navajo Beige
Evening Blue
Aged Pewter 
Khaki Brown
Night Gray 
Monteray Taupe
Timber Bark 
Mountain Sage
Pearl Gray 
Light Mist
Rich Espresso",Standard/No Effect,20,,
,,,,,,"12.00""x12'","5/16""",Colonial Smooth,Statement,"Aged Pewter, Arctic White, Boothbay Blue, Cobblestone, Evening Blue, Gray Slate, Iron Gray, Khaki Brown, Light Mist, Monteray Taupe, Mountain Sage, Navajo Beige, Night Gray, Pearl Gray, Rich Espresso, Timber Bark
Boothbay Blue
Iron Gray
Gray Slate
Cobblestone
Navajo Beige
Evening Blue
Aged Pewter 
Khaki Brown
Night Gray 
Monteray Taupe
Timber Bark 
Mountain Sage
Pearl Gray 
Light Mist
Rich Espresso",Standard/No Effect,20,,
,,,,,,"7.25""x12'","5/16""",Colonial Smooth,Dream,"Abby White, Aloe Vera Stem, Aluminum,Aqua Grand,Aqua Spa, Aquafoam, Arborvitae, Balsam Fir, BanyanTree, Blue Carnation, Blue Note, Blue Spruce, Bottle Green, Bouquet Green, Bristol Green, Bronze Star,Cadet Gray, Calypso Green, Caribbean Sea, Casa Green, Celedon Green, Celery White, Chantilly Lace, Cilantro Leaf, Citrine White, Climbing Vine, Coastal Fog, Country Green, Cristobal Blue, Derby Green, Dulcet Green, Eden Green, Elegant Green, Elm Tree, Empire Emerald, English Lavender, Eucalyptus, Eucalyptus Green, Everglade, Evergreen Forest, Fern Green, Filtered Gold, Firefly, Fishing Boat, Florida Everglades, Forever Green, Four Leaf Clover, First Spring, Front Lawn, Gable Green, Garden of Eden, Gold Leaf, Golden Delicious, Green Acrew, Green Ash, Green Bridge, Green Grass, Green Light, Green Sand, Greenhouse, Hawthorn White, Herbal, Highwater, Homestead Green, Honeydew, Hunter Green, Imperial Green, Irish Lowland, Jaded, Juniper Berry, Kelly Green, Kentucky Bluegrass, Keylime, Leaf Dust, Lime, White Limestone,Linden Green, Melted Ice, Mesa Green, Mint Clover, Minty Fresh, Mississippi Moss, Misty Emerald, Misty Morning, Misty Moss, Nautical White, Neighborhood Park, Newport Green, Not Too Green, Oregano, Oregon Trail, Overcast Green, Overseas, Palm Grove,Pea Shoot, Peaceful Green, Peacock, Precisely Green, Putting Green, Rainfall Green, Robin's Egg, Sage Bush, San Pedro Green, Santa Monica Pier, Sea Glass, Sea Mist, Seaweed Green, Sequoia Green, Sherwood Forest, Sisal Beige, Snowflake White, Solar Energy, Spanish Olive, Spring Buds, Spring Green, Spring Leeks, Spring Sprig, Spruce Green, Succulent Green, Summer Sage, Swamp Grass, Sycamore, Talc White,Tawny Gold, Teal Tide, Topiary Green,Tortugas Green, Tradewind Gray, Tree Canopy, Treelined Street,Tulla Beige, Urban Garden, Wasabi, Weeping Willow, Whispering Pines, White Pine, Willow Green ",Standard/No Effect,20,,
,,,,,,"8.25""x12'","5/16""",Colonial Smooth,Dream,"Abby White, Aloe Vera Stem, Aluminum,Aqua Grand,Aqua Spa, Aquafoam, Arborvitae, Balsam Fir, BanyanTree, Blue Carnation, Blue Note, Blue Spruce, Bottle Green, Bouquet Green, Bristol Green, Bronze Star,Cadet Gray, Calypso Green, Caribbean Sea, Casa Green, Celedon Green, Celery White, Chantilly Lace, Cilantro Leaf, Citrine White, Climbing Vine, Coastal Fog, Country Green, Cristobal Blue, Derby Green, Dulcet Green, Eden Green, Elegant Green, Elm Tree, Empire Emerald, English Lavender, Eucalyptus, Eucalyptus Green, Everglade, Evergreen Forest, Fern Green, Filtered Gold, Firefly, Fishing Boat, Florida Everglades, Forever Green, Four Leaf Clover, First Spring, Front Lawn, Gable Green, Garden of Eden, Gold Leaf, Golden Delicious, Green Acrew, Green Ash, Green Bridge, Green Grass, Green Light, Green Sand, Greenhouse, Hawthorn White, Herbal, Highwater, Homestead Green, Honeydew, Hunter Green, Imperial Green, Irish Lowland, Jaded, Juniper Berry, Kelly Green, Kentucky Bluegrass, Keylime, Leaf Dust, Lime, White Limestone,Linden Green, Melted Ice, Mesa Green, Mint Clover, Minty Fresh, Mississippi Moss, Misty Emerald, Misty Morning, Misty Moss, Nautical White, Neighborhood Park, Newport Green, Not Too Green, Oregano, Oregon Trail, Overcast Green, Overseas, Palm Grove,Pea Shoot, Peaceful Green, Peacock, Precisely Green, Putting Green, Rainfall Green, Robin's Egg, Sage Bush, San Pedro Green, Santa Monica Pier, Sea Glass, Sea Mist, Seaweed Green, Sequoia Green, Sherwood Forest, Sisal Beige, Snowflake White, Solar Energy, Spanish Olive, Spring Buds, Spring Green, Spring Leeks, Spring Sprig, Spruce Green, Succulent Green, Summer Sage, Swamp Grass, Sycamore, Talc White,Tawny Gold, Teal Tide, Topiary Green,Tortugas Green, Tradewind Gray, Tree Canopy, Treelined Street,Tulla Beige, Urban Garden, Wasabi, Weeping Willow, Whispering Pines, White Pine, Willow Green ",Standard/No Effect,20,,
,,,,,,"9.25""x12'","5/16""",Colonial Smooth,Dream,"Abby White, Aloe Vera Stem, Aluminum,Aqua Grand,Aqua Spa, Aquafoam, Arborvitae, Balsam Fir, BanyanTree, Blue Carnation, Blue Note, Blue Spruce, Bottle Green, Bouquet Green, Bristol Green, Bronze Star,Cadet Gray, Calypso Green, Caribbean Sea, Casa Green, Celedon Green, Celery White, Chantilly Lace, Cilantro Leaf, Citrine White, Climbing Vine, Coastal Fog, Country Green, Cristobal Blue, Derby Green, Dulcet Green, Eden Green, Elegant Green, Elm Tree, Empire Emerald, English Lavender, Eucalyptus, Eucalyptus Green, Everglade, Evergreen Forest, Fern Green, Filtered Gold, Firefly, Fishing Boat, Florida Everglades, Forever Green, Four Leaf Clover, First Spring, Front Lawn, Gable Green, Garden of Eden, Gold Leaf, Golden Delicious, Green Acrew, Green Ash, Green Bridge, Green Grass, Green Light, Green Sand, Greenhouse, Hawthorn White, Herbal, Highwater, Homestead Green, Honeydew, Hunter Green, Imperial Green, Irish Lowland, Jaded, Juniper Berry, Kelly Green, Kentucky Bluegrass, Keylime, Leaf Dust, Lime, White Limestone,Linden Green, Melted Ice, Mesa Green, Mint Clover, Minty Fresh, Mississippi Moss, Misty Emerald, Misty Morning, Misty Moss, Nautical White, Neighborhood Park, Newport Green, Not Too Green, Oregano, Oregon Trail, Overcast Green, Overseas, Palm Grove,Pea Shoot, Peaceful Green, Peacock, Precisely Green, Putting Green, Rainfall Green, Robin's Egg, Sage Bush, San Pedro Green, Santa Monica Pier, Sea Glass, Sea Mist, Seaweed Green, Sequoia Green, Sherwood Forest, Sisal Beige, Snowflake White, Solar Energy, Spanish Olive, Spring Buds, Spring Green, Spring Leeks, Spring Sprig, Spruce Green, Succulent Green, Summer Sage, Swamp Grass, Sycamore, Talc White,Tawny Gold, Teal Tide, Topiary Green,Tortugas Green, Tradewind Gray, Tree Canopy, Treelined Street,Tulla Beige, Urban Garden, Wasabi, Weeping Willow, Whispering Pines, White Pine, Willow Green ",Standard/No Effect,20,,
,,,,,,"12.00""x12'","5/16""",Colonial Smooth,Dream,"Abby White, Aloe Vera Stem, Aluminum,Aqua Grand,Aqua Spa, Aquafoam, Arborvitae, Balsam Fir, BanyanTree, Blue Carnation, Blue Note, Blue Spruce, Bottle Green, Bouquet Green, Bristol Green, Bronze Star,Cadet Gray, Calypso Green, Caribbean Sea, Casa Green, Celedon Green, Celery White, Chantilly Lace, Cilantro Leaf, Citrine White, Climbing Vine, Coastal Fog, Country Green, Cristobal Blue, Derby Green, Dulcet Green, Eden Green, Elegant Green, Elm Tree, Empire Emerald, English Lavender, Eucalyptus, Eucalyptus Green, Everglade, Evergreen Forest, Fern Green, Filtered Gold, Firefly, Fishing Boat, Florida Everglades, Forever Green, Four Leaf Clover, First Spring, Front Lawn, Gable Green, Garden of Eden, Gold Leaf, Golden Delicious, Green Acrew, Green Ash, Green Bridge, Green Grass, Green Light, Green Sand, Greenhouse, Hawthorn White, Herbal, Highwater, Homestead Green, Honeydew, Hunter Green, Imperial Green, Irish Lowland, Jaded, Juniper Berry, Kelly Green, Kentucky Bluegrass, Keylime, Leaf Dust, Lime, White Limestone,Linden Green, Melted Ice, Mesa Green, Mint Clover, Minty Fresh, Mississippi Moss, Misty Emerald, Misty Morning, Misty Moss, Nautical White, Neighborhood Park, Newport Green, Not Too Green, Oregano, Oregon Trail, Overcast Green, Overseas, Palm Grove,Pea Shoot, Peaceful Green, Peacock, Precisely Green, Putting Green, Rainfall Green, Robin's Egg, Sage Bush, San Pedro Green, Santa Monica Pier, Sea Glass, Sea Mist, Seaweed Green, Sequoia Green, Sherwood Forest, Sisal Beige, Snowflake White, Solar Energy, Spanish Olive, Spring Buds, Spring Green, Spring Leeks, Spring Sprig, Spruce Green, Succulent Green, Summer Sage, Swamp Grass, Sycamore, Talc White,Tawny Gold, Teal Tide, Topiary Green,Tortugas Green, Tradewind Gray, Tree Canopy, Treelined Street,Tulla Beige, Urban Garden, Wasabi, Weeping Willow, Whispering Pines, White Pine, Willow Green ",Standard/No Effect,20,,
,,,,,,"7.25""x12'","5/16""",Colonial Roughsawn,Primed,Primed,Standard/No Effect,20,,
,,,,,,"8.25""x12'","5/16""",Colonial Roughsawn,Primed,Primed,Standard/No Effect,20,,
,,,,,,"9.25""x12'","5/16""",Colonial Roughsawn,Primed,Primed,Standard/No Effect,20,,
,,,,,,"12.00""x12'","5/16""",Colonial Roughsawn,Primed,Primed,Standard/No Effect,20,,
,,,,,,"7.25""x12'","5/16""",Colonial Roughsawn,Statement,"Aged Pewter, Arctic White, Boothbay Blue, Cobblestone, Evening Blue, Gray Slate, Iron Gray, Khaki Brown, Light Mist, Monteray Taupe, Mountain Sage, Navajo Beige, Night Gray, Pearl Gray, Rich Espresso, Timber Bark
Boothbay Blue
Iron Gray
Gray Slate
Cobblestone
Navajo Beige
Evening Blue
Aged Pewter 
Khaki Brown
Night Gray 
Monteray Taupe
Timber Bark 
Mountain Sage
Pearl Gray 
Light Mist
Rich Espresso",Standard/No Effect,20,,
,,,,,,"8.25""x12'","5/16""",Colonial Roughsawn,Statement,"Aged Pewter, Arctic White, Boothbay Blue, Cobblestone, Evening Blue, Gray Slate, Iron Gray, Khaki Brown, Light Mist, Monteray Taupe, Mountain Sage, Navajo Beige, Night Gray, Pearl Gray, Rich Espresso, Timber Bark
Boothbay Blue
Iron Gray
Gray Slate
Cobblestone
Navajo Beige
Evening Blue
Aged Pewter 
Khaki Brown
Night Gray 
Monteray Taupe
Timber Bark 
Mountain Sage
Pearl Gray 
Light Mist
Rich Espresso",Standard/No Effect,20,,
,,,,,,"9.25""x12'","5/16""",Colonial Roughsawn,Statement,"Aged Pewter, Arctic White, Boothbay Blue, Cobblestone, Evening Blue, Gray Slate, Iron Gray, Khaki Brown, Light Mist, Monteray Taupe, Mountain Sage, Navajo Beige, Night Gray, Pearl Gray, Rich Espresso, Timber Bark
Boothbay Blue
Iron Gray
Gray Slate
Cobblestone
Navajo Beige
Evening Blue
Aged Pewter 
Khaki Brown
Night Gray 
Monteray Taupe
Timber Bark 
Mountain Sage
Pearl Gray 
Light Mist
Rich Espresso",Standard/No Effect,20,,
,,,,,,"12.00""x12'","5/16""",Colonial Roughsawn,Statement,"Aged Pewter, Arctic White, Boothbay Blue, Cobblestone, Evening Blue, Gray Slate, Iron Gray, Khaki Brown, Light Mist, Monteray Taupe, Mountain Sage, Navajo Beige, Night Gray, Pearl Gray, Rich Espresso, Timber Bark
Boothbay Blue
Iron Gray
Gray Slate
Cobblestone
Navajo Beige
Evening Blue
Aged Pewter 
Khaki Brown
Night Gray 
Monteray Taupe
Timber Bark 
Mountain Sage
Pearl Gray 
Light Mist
Rich Espresso",Standard/No Effect,20,,
,,,,,,"7.25""x12'","5/16""",Colonial Roughsawn,Dream,"Abby White, Aloe Vera Stem, Aluminum,Aqua Grand,Aqua Spa, Aquafoam, Arborvitae, Balsam Fir, BanyanTree, Blue Carnation, Blue Note, Blue Spruce, Bottle Green, Bouquet Green, Bristol Green, Bronze Star,Cadet Gray, Calypso Green, Caribbean Sea, Casa Green, Celedon Green, Celery White, Chantilly Lace, Cilantro Leaf, Citrine White, Climbing Vine, Coastal Fog, Country Green, Cristobal Blue, Derby Green, Dulcet Green, Eden Green, Elegant Green, Elm Tree, Empire Emerald, English Lavender, Eucalyptus, Eucalyptus Green, Everglade, Evergreen Forest, Fern Green, Filtered Gold, Firefly, Fishing Boat, Florida Everglades, Forever Green, Four Leaf Clover, First Spring, Front Lawn, Gable Green, Garden of Eden, Gold Leaf, Golden Delicious, Green Acrew, Green Ash, Green Bridge, Green Grass, Green Light, Green Sand, Greenhouse, Hawthorn White, Herbal, Highwater, Homestead Green, Honeydew, Hunter Green, Imperial Green, Irish Lowland, Jaded, Juniper Berry, Kelly Green, Kentucky Bluegrass, Keylime, Leaf Dust, Lime, White Limestone,Linden Green, Melted Ice, Mesa Green, Mint Clover, Minty Fresh, Mississippi Moss, Misty Emerald, Misty Morning, Misty Moss, Nautical White, Neighborhood Park, Newport Green, Not Too Green, Oregano, Oregon Trail, Overcast Green, Overseas, Palm Grove,Pea Shoot, Peaceful Green, Peacock, Precisely Green, Putting Green, Rainfall Green, Robin's Egg, Sage Bush, San Pedro Green, Santa Monica Pier, Sea Glass, Sea Mist, Seaweed Green, Sequoia Green, Sherwood Forest, Sisal Beige, Snowflake White, Solar Energy, Spanish Olive, Spring Buds, Spring Green, Spring Leeks, Spring Sprig, Spruce Green, Succulent Green, Summer Sage, Swamp Grass, Sycamore, Talc White,Tawny Gold, Teal Tide, Topiary Green,Tortugas Green, Tradewind Gray, Tree Canopy, Treelined Street,Tulla Beige, Urban Garden, Wasabi, Weeping Willow, Whispering Pines, White Pine, Willow Green ",Standard/No Effect,20,,
,,,,,,"8.25""x12'","5/16""",Colonial Roughsawn,Dream,"Abby White, Aloe Vera Stem, Aluminum,Aqua Grand,Aqua Spa, Aquafoam, Arborvitae, Balsam Fir, BanyanTree, Blue Carnation, Blue Note, Blue Spruce, Bottle Green, Bouquet Green, Bristol Green, Bronze Star,Cadet Gray, Calypso Green, Caribbean Sea, Casa Green, Celedon Green, Celery White, Chantilly Lace, Cilantro Leaf, Citrine White, Climbing Vine, Coastal Fog, Country Green, Cristobal Blue, Derby Green, Dulcet Green, Eden Green, Elegant Green, Elm Tree, Empire Emerald, English Lavender, Eucalyptus, Eucalyptus Green, Everglade, Evergreen Forest, Fern Green, Filtered Gold, Firefly, Fishing Boat, Florida Everglades, Forever Green, Four Leaf Clover, First Spring, Front Lawn, Gable Green, Garden of Eden, Gold Leaf, Golden Delicious, Green Acrew, Green Ash, Green Bridge, Green Grass, Green Light, Green Sand, Greenhouse, Hawthorn White, Herbal, Highwater, Homestead Green, Honeydew, Hunter Green, Imperial Green, Irish Lowland, Jaded, Juniper Berry, Kelly Green, Kentucky Bluegrass, Keylime, Leaf Dust, Lime, White Limestone,Linden Green, Melted Ice, Mesa Green, Mint Clover, Minty Fresh, Mississippi Moss, Misty Emerald, Misty Morning, Misty Moss, Nautical White, Neighborhood Park, Newport Green, Not Too Green, Oregano, Oregon Trail, Overcast Green, Overseas, Palm Grove,Pea Shoot, Peaceful Green, Peacock, Precisely Green, Putting Green, Rainfall Green, Robin's Egg, Sage Bush, San Pedro Green, Santa Monica Pier, Sea Glass, Sea Mist, Seaweed Green, Sequoia Green, Sherwood Forest, Sisal Beige, Snowflake White, Solar Energy, Spanish Olive, Spring Buds, Spring Green, Spring Leeks, Spring Sprig, Spruce Green, Succulent Green, Summer Sage, Swamp Grass, Sycamore, Talc White,Tawny Gold, Teal Tide, Topiary Green,Tortugas Green, Tradewind Gray, Tree Canopy, Treelined Street,Tulla Beige, Urban Garden, Wasabi, Weeping Willow, Whispering Pines, White Pine, Willow Green ",Standard/No Effect,20,,
,,,,,,"9.25""x12'","5/16""",Colonial Roughsawn,Dream,"Abby White, Aloe Vera Stem, Aluminum,Aqua Grand,Aqua Spa, Aquafoam, Arborvitae, Balsam Fir, BanyanTree, Blue Carnation, Blue Note, Blue Spruce, Bottle Green, Bouquet Green, Bristol Green, Bronze Star,Cadet Gray, Calypso Green, Caribbean Sea, Casa Green, Celedon Green, Celery White, Chantilly Lace, Cilantro Leaf, Citrine White, Climbing Vine, Coastal Fog, Country Green, Cristobal Blue, Derby Green, Dulcet Green, Eden Green, Elegant Green, Elm Tree, Empire Emerald, English Lavender, Eucalyptus, Eucalyptus Green, Everglade, Evergreen Forest, Fern Green, Filtered Gold, Firefly, Fishing Boat, Florida Everglades, Forever Green, Four Leaf Clover, First Spring, Front Lawn, Gable Green, Garden of Eden, Gold Leaf, Golden Delicious, Green Acrew, Green Ash, Green Bridge, Green Grass, Green Light, Green Sand, Greenhouse, Hawthorn White, Herbal, Highwater, Homestead Green, Honeydew, Hunter Green, Imperial Green, Irish Lowland, Jaded, Juniper Berry, Kelly Green, Kentucky Bluegrass, Keylime, Leaf Dust, Lime, White Limestone,Linden Green, Melted Ice, Mesa Green, Mint Clover, Minty Fresh, Mississippi Moss, Misty Emerald, Misty Morning, Misty Moss, Nautical White, Neighborhood Park, Newport Green, Not Too Green, Oregano, Oregon Trail, Overcast Green, Overseas, Palm Grove,Pea Shoot, Peaceful Green, Peacock, Precisely Green, Putting Green, Rainfall Green, Robin's Egg, Sage Bush, San Pedro Green, Santa Monica Pier, Sea Glass, Sea Mist, Seaweed Green, Sequoia Green, Sherwood Forest, Sisal Beige, Snowflake White, Solar Energy, Spanish Olive, Spring Buds, Spring Green, Spring Leeks, Spring Sprig, Spruce Green, Succulent Green, Summer Sage, Swamp Grass, Sycamore, Talc White,Tawny Gold, Teal Tide, Topiary Green,Tortugas Green, Tradewind Gray, Tree Canopy, Treelined Street,Tulla Beige, Urban Garden, Wasabi, Weeping Willow, Whispering Pines, White Pine, Willow Green ",Standard/No Effect,20,,
,,,,,,"12.00""x12'","5/16""",Colonial Roughsawn,Dream,"Abby White, Aloe Vera Stem, Aluminum,Aqua Grand,Aqua Spa, Aquafoam, Arborvitae, Balsam Fir, BanyanTree, Blue Carnation, Blue Note, Blue Spruce, Bottle Green, Bouquet Green, Bristol Green, Bronze Star,Cadet Gray, Calypso Green, Caribbean Sea, Casa Green, Celedon Green, Celery White, Chantilly Lace, Cilantro Leaf, Citrine White, Climbing Vine, Coastal Fog, Country Green, Cristobal Blue, Derby Green, Dulcet Green, Eden Green, Elegant Green, Elm Tree, Empire Emerald, English Lavender, Eucalyptus, Eucalyptus Green, Everglade, Evergreen Forest, Fern Green, Filtered Gold, Firefly, Fishing Boat, Florida Everglades, Forever Green, Four Leaf Clover, First Spring, Front Lawn, Gable Green, Garden of Eden, Gold Leaf, Golden Delicious, Green Acrew, Green Ash, Green Bridge, Green Grass, Green Light, Green Sand, Greenhouse, Hawthorn White, Herbal, Highwater, Homestead Green, Honeydew, Hunter Green, Imperial Green, Irish Lowland, Jaded, Juniper Berry, Kelly Green, Kentucky Bluegrass, Keylime, Leaf Dust, Lime, White Limestone,Linden Green, Melted Ice, Mesa Green, Mint Clover, Minty Fresh, Mississippi Moss, Misty Emerald, Misty Morning, Misty Moss, Nautical White, Neighborhood Park, Newport Green, Not Too Green, Oregano, Oregon Trail, Overcast Green, Overseas, Palm Grove,Pea Shoot, Peaceful Green, Peacock, Precisely Green, Putting Green, Rainfall Green, Robin's Egg, Sage Bush, San Pedro Green, Santa Monica Pier, Sea Glass, Sea Mist, Seaweed Green, Sequoia Green, Sherwood Forest, Sisal Beige, Snowflake White, Solar Energy, Spanish Olive, Spring Buds, Spring Green, Spring Leeks, Spring Sprig, Spruce Green, Succulent Green, Summer Sage, Swamp Grass, Sycamore, Talc White,Tawny Gold, Teal Tide, Topiary Green,Tortugas Green, Tradewind Gray, Tree Canopy, Treelined Street,Tulla Beige, Urban Garden, Wasabi, Weeping Willow, Whispering Pines, White Pine, Willow Green ",Standard/No Effect,20,,
,7,46 46,Fiber-Cement Siding,James Hardie,Hardieplank (HZ10),"5.25""x12'","5/16""",Smooth,Primed,Primed,Standard/No Effect,12,,
,,,,,,"5.25""x12'","5/16""",Smooth,Statement,"Aged Pewter, Arctic White, Boothbay Blue, Cobblestone, Evening Blue, Gray Slate, Iron Gray, Khaki Brown, Light Mist, Monteray Taupe, Mountain Sage, Navajo Beige, Night Gray, Pearl Gray, Rich Espresso, Timber Bark
Boothbay Blue
Iron Gray
Gray Slate
Cobblestone
Navajo Beige
Evening Blue
Aged Pewter 
Khaki Brown
Night Gray 
Monteray Taupe
Timber Bark 
Mountain Sage
Pearl Gray 
Light Mist
Rich Espresso",Standard/No Effect,14,,
,,,,,,"5.25""x12'","5/16""",Smooth,Dream,"Abby White, Aloe Vera Stem, Aluminum,Aqua Grand,Aqua Spa, Aquafoam, Arborvitae, Balsam Fir, BanyanTree, Blue Carnation, Blue Note, Blue Spruce, Bottle Green, Bouquet Green, Bristol Green, Bronze Star,Cadet Gray, Calypso Green, Caribbean Sea, Casa Green, Celedon Green, Celery White, Chantilly Lace, Cilantro Leaf, Citrine White, Climbing Vine, Coastal Fog, Country Green, Cristobal Blue, Derby Green, Dulcet Green, Eden Green, Elegant Green, Elm Tree, Empire Emerald, English Lavender, Eucalyptus, Eucalyptus Green, Everglade, Evergreen Forest, Fern Green, Filtered Gold, Firefly, Fishing Boat, Florida Everglades, Forever Green, Four Leaf Clover, First Spring, Front Lawn, Gable Green, Garden of Eden, Gold Leaf, Golden Delicious, Green Acrew, Green Ash, Green Bridge, Green Grass, Green Light, Green Sand, Greenhouse, Hawthorn White, Herbal, Highwater, Homestead Green, Honeydew, Hunter Green, Imperial Green, Irish Lowland,
Jaded, Juniper Berry, Kelly Green, Kentucky Bluegrass, Keylime, Leaf Dust, Lime, White Limestone,Linden Green, Melted Ice, Mesa Green, Mint Clover, Minty Fresh, Mississippi Moss, Misty Emerald, Misty Morning, Misty Moss, Nautical White, Neighborhood Park, Newport Green, Not Too Green, Oregano, Oregon Trail, Overcast Green, Overseas, Palm Grove,Pea Shoot, Peaceful Green, Peacock, Precisely Green, Putting Green, Rainfall Green, Robin's Egg, Sage Bush, San Pedro Green, Santa Monica Pier, Sea Glass, Sea Mist, Seaweed Green, Sequoia Green, Sherwood Forest, Sisal Beige, Snowflake White, Solar Energy, Spanish Olive, Spring Buds, Spring Green, Spring Leeks, Spring Sprig, Spruce Green, Succulent Green, Summer Sage, Swamp Grass, Sycamore, Talc White,Tawny Gold, Teal Tide, Topiary Green,Tortugas Green, Tradewind Gray, Tree Canopy, Treelined Street,Tulla Beige, Urban Garden, Wasabi, Weeping Willow, Whispering Pines, White Pine, Willow Green ",Standard/No Effect,20,,
,,,,,,"5.25""x12'","5/16""",Woodgrain,Primed,Primed,Standard/No Effect,20,,
,,,,,,"5.25""x12'","5/16""",Woodgrain,Statement,"Aged Pewter, Arctic White, Boothbay Blue, Cobblestone, Evening Blue, Gray Slate, Iron Gray, Khaki Brown, Light Mist, Monteray Taupe, Mountain Sage, Navajo Beige, Night Gray, Pearl Gray, Rich Espresso, Timber Bark
Boothbay Blue
Iron Gray
Gray Slate
Cobblestone
Navajo Beige
Evening Blue
Aged Pewter 
Khaki Brown
Night Gray 
Monteray Taupe
Timber Bark 
Mountain Sage
Pearl Gray 
Light Mist
Rich Espresso",Standard/No Effect,20,,
,,,,,,"5.25""x12'","5/16""",Woodgrain,Dream,"Abby White, Aloe Vera Stem, Aluminum,Aqua Grand,Aqua Spa, Aquafoam, Arborvitae, Balsam Fir, BanyanTree, Blue Carnation, Blue Note, Blue Spruce, Bottle Green, Bouquet Green, Bristol Green, Bronze Star,Cadet Gray, Calypso Green, Caribbean Sea, Casa Green, Celedon Green, Celery White, Chantilly Lace, Cilantro Leaf, Citrine White, Climbing Vine, Coastal Fog, Country Green, Cristobal Blue, Derby Green, Dulcet Green, Eden Green, Elegant Green, Elm Tree, Empire Emerald, English Lavender, Eucalyptus, Eucalyptus Green, Everglade, Evergreen Forest, Fern Green, Filtered Gold, Firefly, Fishing Boat, Florida Everglades, Forever Green, Four Leaf Clover, First Spring, Front Lawn, Gable Green, Garden of Eden, Gold Leaf, Golden Delicious, Green Acrew, Green Ash, Green Bridge, Green Grass, Green Light, Green Sand, Greenhouse, Hawthorn White, Herbal, Highwater, Homestead Green, Honeydew, Hunter Green, Imperial Green, Irish Lowland, Jaded, Juniper Berry, Kelly Green, Kentucky Bluegrass, Keylime, Leaf Dust, Lime, White Limestone,Linden Green, Melted Ice, Mesa Green, Mint Clover, Minty Fresh, Mississippi Moss, Misty Emerald, Misty Morning, Misty Moss, Nautical White, Neighborhood Park, Newport Green, Not Too Green, Oregano, Oregon Trail, Overcast Green, Overseas, Palm Grove,Pea Shoot, Peaceful Green, Peacock, Precisely Green, Putting Green, Rainfall Green, Robin's Egg, Sage Bush, San Pedro Green, Santa Monica Pier, Sea Glass, Sea Mist, Seaweed Green, Sequoia Green, Sherwood Forest, Sisal Beige, Snowflake White, Solar Energy, Spanish Olive, Spring Buds, Spring Green, Spring Leeks, Spring Sprig, Spruce Green, Succulent Green, Summer Sage, Swamp Grass, Sycamore, Talc White,Tawny Gold, Teal Tide, Topiary Green,Tortugas Green, Tradewind Gray, Tree Canopy, Treelined Street,Tulla Beige, Urban Garden, Wasabi, Weeping Willow, Whispering Pines, White Pine, Willow Green ",Standard/No Effect,20,,
,,,,,,"5.25""x12'","5/16""",Beaded Smooth,Primed,Primed,Standard/No Effect,20,,
,,,,,,"5.25""x12'","5/16""",Beaded Smooth,Statement,"Aged Pewter, Arctic White, Boothbay Blue, Cobblestone, Evening Blue, Gray Slate, Iron Gray, Khaki Brown, Light Mist, Monteray Taupe, Mountain Sage, Navajo Beige, Night Gray, Pearl Gray, Rich Espresso, Timber Bark
Boothbay Blue
Iron Gray
Gray Slate
Cobblestone
Navajo Beige
Evening Blue
Aged Pewter 
Khaki Brown
Night Gray 
Monteray Taupe
Timber Bark 
Mountain Sage
Pearl Gray 
Light Mist
Rich Espresso",Standard/No Effect,20,,
,,,,,,"5.25""x12'","5/16""",Beaded Smooth,Dream,"Abby White, Aloe Vera Stem, Aluminum,Aqua Grand,Aqua Spa, Aquafoam, Arborvitae, Balsam Fir, BanyanTree, Blue Carnation, Blue Note, Blue Spruce, Bottle Green, Bouquet Green, Bristol Green, Bronze Star,Cadet Gray, Calypso Green, Caribbean Sea, Casa Green, Celedon Green, Celery White, Chantilly Lace, Cilantro Leaf, Citrine White, Climbing Vine, Coastal Fog, Country Green, Cristobal Blue, Derby Green, Dulcet Green, Eden Green, Elegant Green, Elm Tree, Empire Emerald, English Lavender, Eucalyptus, Eucalyptus Green, Everglade, Evergreen Forest, Fern Green, Filtered Gold, Firefly, Fishing Boat, Florida Everglades, Forever Green, Four Leaf Clover, First Spring, Front Lawn, Gable Green, Garden of Eden, Gold Leaf, Golden Delicious, Green Acrew, Green Ash, Green Bridge, Green Grass, Green Light, Green Sand, Greenhouse, Hawthorn White, Herbal, Highwater, Homestead Green, Honeydew, Hunter Green, Imperial Green, Irish Lowland, Jaded, Juniper Berry, Kelly Green, Kentucky Bluegrass, Keylime, Leaf Dust, Lime, White Limestone,Linden Green, Melted Ice, Mesa Green, Mint Clover, Minty Fresh, Mississippi Moss, Misty Emerald, Misty Morning, Misty Moss, Nautical White, Neighborhood Park, Newport Green, Not Too Green, Oregano, Oregon Trail, Overcast Green, Overseas, Palm Grove,Pea Shoot, Peaceful Green, Peacock, Precisely Green, Putting Green, Rainfall Green, Robin's Egg, Sage Bush, San Pedro Green, Santa Monica Pier, Sea Glass, Sea Mist, Seaweed Green, Sequoia Green, Sherwood Forest, Sisal Beige, Snowflake White, Solar Energy, Spanish Olive, Spring Buds, Spring Green, Spring Leeks, Spring Sprig, Spruce Green, Succulent Green, Summer Sage, Swamp Grass, Sycamore, Talc White,Tawny Gold, Teal Tide, Topiary Green,Tortugas Green, Tradewind Gray, Tree Canopy, Treelined Street,Tulla Beige, Urban Garden, Wasabi, Weeping Willow, Whispering Pines, White Pine, Willow Green ",Standard/No Effect,20,,
,,,,,,"5.25""x12'","5/16""",Beaded Cedarmill,Primed,Primed,Standard/No Effect,20,,
,,,,,,"5.25""x12'","5/16""",Beaded Cedarmill,Statement,"Aged Pewter, Arctic White, Boothbay Blue, Cobblestone, Evening Blue, Gray Slate, Iron Gray, Khaki Brown, Light Mist, Monteray Taupe, Mountain Sage, Navajo Beige, Night Gray, Pearl Gray, Rich Espresso, Timber Bark
Boothbay Blue
Iron Gray
Gray Slate
Cobblestone
Navajo Beige
Evening Blue
Aged Pewter 
Khaki Brown
Night Gray 
Monteray Taupe
Timber Bark 
Mountain Sage
Pearl Gray 
Light Mist
Rich Espresso",Standard/No Effect,20,,
,,,,,,"5.25""x12'","5/16""",Beaded Cedarmill,Dream,"Abby White, Aloe Vera Stem, Aluminum,Aqua Grand,Aqua Spa, Aquafoam, Arborvitae, Balsam Fir, BanyanTree, Blue Carnation, Blue Note, Blue Spruce, Bottle Green, Bouquet Green, Bristol Green, Bronze Star,Cadet Gray, Calypso Green, Caribbean Sea, Casa Green, Celedon Green, Celery White, Chantilly Lace, Cilantro Leaf, Citrine White, Climbing Vine, Coastal Fog, Country Green, Cristobal Blue, Derby Green, Dulcet Green, Eden Green, Elegant Green, Elm Tree, Empire Emerald, English Lavender, Eucalyptus, Eucalyptus Green, Everglade, Evergreen Forest, Fern Green, Filtered Gold, Firefly, Fishing Boat, Florida Everglades, Forever Green, Four Leaf Clover, First Spring, Front Lawn, Gable Green, Garden of Eden, Gold Leaf, Golden Delicious, Green Acrew, Green Ash, Green Bridge, Green Grass, Green Light, Green Sand, Greenhouse, Hawthorn White, Herbal, Highwater, Homestead Green, Honeydew, Hunter Green, Imperial Green, Irish Lowland, Jaded, Juniper Berry, Kelly Green, Kentucky Bluegrass, Keylime, Leaf Dust, Lime, White Limestone,Linden Green, Melted Ice, Mesa Green, Mint Clover, Minty Fresh, Mississippi Moss, Misty Emerald, Misty Morning, Misty Moss, Nautical White, Neighborhood Park, Newport Green, Not Too Green, Oregano, Oregon Trail, Overcast Green, Overseas, Palm Grove,Pea Shoot, Peaceful Green, Peacock, Precisely Green, Putting Green, Rainfall Green, Robin's Egg, Sage Bush, San Pedro Green, Santa Monica Pier, Sea Glass, Sea Mist, Seaweed Green, Sequoia Green, Sherwood Forest, Sisal Beige, Snowflake White, Solar Energy, Spanish Olive, Spring Buds, Spring Green, Spring Leeks, Spring Sprig, Spruce Green, Succulent Green, Summer Sage, Swamp Grass, Sycamore, Talc White,Tawny Gold, Teal Tide, Topiary Green,Tortugas Green, Tradewind Gray, Tree Canopy, Treelined Street,Tulla Beige, Urban Garden, Wasabi, Weeping Willow, Whispering Pines, White Pine, Willow Green ",Standard/No Effect,20,,
,,,,,,"5.25""x12'","5/16""",Colonial Smooth,Primed,Primed,Standard/No Effect,20,,
,,,,,,"5.25""x12'","5/16""",Colonial Smooth,Statement,"Aged Pewter, Arctic White, Boothbay Blue, Cobblestone, Evening Blue, Gray Slate, Iron Gray, Khaki Brown, Light Mist, Monteray Taupe, Mountain Sage, Navajo Beige, Night Gray, Pearl Gray, Rich Espresso, Timber Bark
Boothbay Blue
Iron Gray
Gray Slate
Cobblestone
Navajo Beige
Evening Blue
Aged Pewter 
Khaki Brown
Night Gray 
Monteray Taupe
Timber Bark 
Mountain Sage
Pearl Gray 
Light Mist
Rich Espresso",Standard/No Effect,20,,
,,,,,,"5.25""x12'","5/16""",Colonial Smooth,Dream,"Abby White, Aloe Vera Stem, Aluminum,Aqua Grand,Aqua Spa, Aquafoam, Arborvitae, Balsam Fir, BanyanTree, Blue Carnation, Blue Note, Blue Spruce, Bottle Green, Bouquet Green, Bristol Green, Bronze Star,Cadet Gray, Calypso Green, Caribbean Sea, Casa Green, Celedon Green, Celery White, Chantilly Lace, Cilantro Leaf, Citrine White, Climbing Vine, Coastal Fog, Country Green, Cristobal Blue, Derby Green, Dulcet Green, Eden Green, Elegant Green, Elm Tree, Empire Emerald, English Lavender, Eucalyptus, Eucalyptus Green, Everglade, Evergreen Forest, Fern Green, Filtered Gold, Firefly, Fishing Boat, Florida Everglades, Forever Green, Four Leaf Clover, First Spring, Front Lawn, Gable Green, Garden of Eden, Gold Leaf, Golden Delicious, Green Acrew, Green Ash, Green Bridge, Green Grass, Green Light, Green Sand, Greenhouse, Hawthorn White, Herbal, Highwater, Homestead Green, Honeydew, Hunter Green, Imperial Green, Irish Lowland, Jaded, Juniper Berry, Kelly Green, Kentucky Bluegrass, Keylime, Leaf Dust, Lime, White Limestone,Linden Green, Melted Ice, Mesa Green, Mint Clover, Minty Fresh, Mississippi Moss, Misty Emerald, Misty Morning, Misty Moss, Nautical White, Neighborhood Park, Newport Green, Not Too Green, Oregano, Oregon Trail, Overcast Green, Overseas, Palm Grove,Pea Shoot, Peaceful Green, Peacock, Precisely Green, Putting Green, Rainfall Green, Robin's Egg, Sage Bush, San Pedro Green, Santa Monica Pier, Sea Glass, Sea Mist, Seaweed Green, Sequoia Green, Sherwood Forest, Sisal Beige, Snowflake White, Solar Energy, Spanish Olive, Spring Buds, Spring Green, Spring Leeks, Spring Sprig, Spruce Green, Succulent Green, Summer Sage, Swamp Grass, Sycamore, Talc White,Tawny Gold, Teal Tide, Topiary Green,Tortugas Green, Tradewind Gray, Tree Canopy, Treelined Street,Tulla Beige, Urban Garden, Wasabi, Weeping Willow, Whispering Pines, White Pine, Willow Green ",Standard/No Effect,20,,
,,,,,,"5.25""x12'","5/16""",Colonial Roughsawn,Primed,Primed,Standard/No Effect,20,,
,,,,,,"5.25""x12'","5/16""",Colonial Roughsawn,Statement,"Aged Pewter, Arctic White, Boothbay Blue, Cobblestone, Evening Blue, Gray Slate, Iron Gray, Khaki Brown, Light Mist, Monteray Taupe, Mountain Sage, Navajo Beige, Night Gray, Pearl Gray, Rich Espresso, Timber Bark
Boothbay Blue
Iron Gray
Gray Slate
Cobblestone
Navajo Beige
Evening Blue
Aged Pewter 
Khaki Brown
Night Gray 
Monteray Taupe
Timber Bark 
Mountain Sage
Pearl Gray 
Light Mist
Rich Espresso",Standard/No Effect,20,,
,,,,,,"5.25""x12'","5/16""",Colonial Roughsawn,Dream,"Abby White, Aloe Vera Stem, Aluminum,Aqua Grand,Aqua Spa, Aquafoam, Arborvitae, Balsam Fir, BanyanTree, Blue Carnation, Blue Note, Blue Spruce, Bottle Green, Bouquet Green, Bristol Green, Bronze Star,Cadet Gray, Calypso Green, Caribbean Sea, Casa Green, Celedon Green, Celery White, Chantilly Lace, Cilantro Leaf, Citrine White, Climbing Vine, Coastal Fog, Country Green, Cristobal Blue, Derby Green, Dulcet Green, Eden Green, Elegant Green, Elm Tree, Empire Emerald, English Lavender, Eucalyptus, Eucalyptus Green, Everglade, Evergreen Forest, Fern Green, Filtered Gold, Firefly, Fishing Boat, Florida Everglades, Forever Green, Four Leaf Clover, First Spring, Front Lawn, Gable Green, Garden of Eden, Gold Leaf, Golden Delicious, Green Acrew, Green Ash, Green Bridge, Green Grass, Green Light, Green Sand, Greenhouse, Hawthorn White, Herbal, Highwater, Homestead Green, Honeydew, Hunter Green, Imperial Green, Irish Lowland, Jaded, Juniper Berry, Kelly Green, Kentucky Bluegrass, Keylime, Leaf Dust, Lime, White Limestone,Linden Green, Melted Ice, Mesa Green, Mint Clover, Minty Fresh, Mississippi Moss, Misty Emerald, Misty Morning, Misty Moss, Nautical White, Neighborhood Park, Newport Green, Not Too Green, Oregano, Oregon Trail, Overcast Green, Overseas, Palm Grove,Pea Shoot, Peaceful Green, Peacock, Precisely Green, Putting Green, Rainfall Green, Robin's Egg, Sage Bush, San Pedro Green, Santa Monica Pier, Sea Glass, Sea Mist, Seaweed Green, Sequoia Green, Sherwood Forest, Sisal Beige, Snowflake White, Solar Energy, Spanish Olive, Spring Buds, Spring Green, Spring Leeks, Spring Sprig, Spruce Green, Succulent Green, Summer Sage, Swamp Grass, Sycamore, Talc White,Tawny Gold, Teal Tide, Topiary Green,Tortugas Green, Tradewind Gray, Tree Canopy, Treelined Street,Tulla Beige, Urban Garden, Wasabi, Weeping Willow, Whispering Pines, White Pine, Willow Green ",Standard/No Effect,20,,
,,,,,,"6.25""x12'","5/16""",Beaded Cedarmill,Statement,"Aged Pewter, Arctic White, Boothbay Blue, Cobblestone, Evening Blue, Gray Slate, Iron Gray, Khaki Brown, Light Mist, Monteray Taupe, Mountain Sage, Navajo Beige, Night Gray, Pearl Gray, Rich Espresso, Timber Bark
Boothbay Blue
Iron Gray
Gray Slate
Cobblestone
Navajo Beige
Evening Blue
Aged Pewter 
Khaki Brown
Night Gray 
Monteray Taupe
Timber Bark 
Mountain Sage
Pearl Gray 
Light Mist
Rich Espresso",Standard/No Effect,20,,
,,,,,,"6.25""x12'","5/16""",Beaded Cedarmill,Dream,"Abby White, Aloe Vera Stem, Aluminum,Aqua Grand,Aqua Spa, Aquafoam, Arborvitae, Balsam Fir, BanyanTree, Blue Carnation, Blue Note, Blue Spruce, Bottle Green, Bouquet Green, Bristol Green, Bronze Star,Cadet Gray, Calypso Green, Caribbean Sea, Casa Green, Celedon Green, Celery White, Chantilly Lace, Cilantro Leaf, Citrine White, Climbing Vine, Coastal Fog, Country Green, Cristobal Blue, Derby Green, Dulcet Green, Eden Green, Elegant Green, Elm Tree, Empire Emerald, English Lavender, Eucalyptus, Eucalyptus Green, Everglade, Evergreen Forest, Fern Green, Filtered Gold, Firefly, Fishing Boat, Florida Everglades, Forever Green, Four Leaf Clover, First Spring, Front Lawn, Gable Green, Garden of Eden, Gold Leaf, Golden Delicious, Green Acrew, Green Ash, Green Bridge, Green Grass, Green Light, Green Sand, Greenhouse, Hawthorn White, Herbal, Highwater, Homestead Green, Honeydew, Hunter Green, Imperial Green, Irish Lowland, Jaded, Juniper Berry, Kelly Green, Kentucky Bluegrass, Keylime, Leaf Dust, Lime, White Limestone,Linden Green, Melted Ice, Mesa Green, Mint Clover, Minty Fresh, Mississippi Moss, Misty Emerald, Misty Morning, Misty Moss, Nautical White, Neighborhood Park, Newport Green, Not Too Green, Oregano, Oregon Trail, Overcast Green, Overseas, Palm Grove,Pea Shoot, Peaceful Green, Peacock, Precisely Green, Putting Green, Rainfall Green, Robin's Egg, Sage Bush, San Pedro Green, Santa Monica Pier, Sea Glass, Sea Mist, Seaweed Green, Sequoia Green, Sherwood Forest, Sisal Beige, Snowflake White, Solar Energy, Spanish Olive, Spring Buds, Spring Green, Spring Leeks, Spring Sprig, Spruce Green, Succulent Green, Summer Sage, Swamp Grass, Sycamore, Talc White,Tawny Gold, Teal Tide, Topiary Green,Tortugas Green, Tradewind Gray, Tree Canopy, Treelined Street,Tulla Beige, Urban Garden, Wasabi, Weeping Willow, Whispering Pines, White Pine, Willow Green ",Standard/No Effect,20,,
,,,,,,"6.25""x12'","5/16""",Colonial Smooth,Primed,Primed,Standard/No Effect,20,,
,,,,,,"6.25""x12'","5/16""",Colonial Smooth,Statement,"Aged Pewter, Arctic White, Boothbay Blue, Cobblestone, Evening Blue, Gray Slate, Iron Gray, Khaki Brown, Light Mist, Monteray Taupe, Mountain Sage, Navajo Beige, Night Gray, Pearl Gray, Rich Espresso, Timber Bark
Boothbay Blue
Iron Gray
Gray Slate
Cobblestone
Navajo Beige
Evening Blue
Aged Pewter 
Khaki Brown
Night Gray 
Monteray Taupe
Timber Bark 
Mountain Sage
Pearl Gray 
Light Mist
Rich Espresso",Standard/No Effect,20,,
,,,,,,"6.25""x12'","5/16""",Colonial Smooth,Dream,"Abby White, Aloe Vera Stem, Aluminum,Aqua Grand,Aqua Spa, Aquafoam, Arborvitae, Balsam Fir, BanyanTree, Blue Carnation, Blue Note, Blue Spruce, Bottle Green, Bouquet Green, Bristol Green, Bronze Star,Cadet Gray, Calypso Green, Caribbean Sea, Casa Green, Celedon Green, Celery White, Chantilly Lace, Cilantro Leaf, Citrine White, Climbing Vine, Coastal Fog, Country Green, Cristobal Blue, Derby Green, Dulcet Green, Eden Green, Elegant Green, Elm Tree, Empire Emerald, English Lavender, Eucalyptus, Eucalyptus Green, Everglade, Evergreen Forest, Fern Green, Filtered Gold, Firefly, Fishing Boat, Florida Everglades, Forever Green, Four Leaf Clover, First Spring, Front Lawn, Gable Green, Garden of Eden, Gold Leaf, Golden Delicious, Green Acrew, Green Ash, Green Bridge, Green Grass, Green Light, Green Sand, Greenhouse, Hawthorn White, Herbal, Highwater, Homestead Green, Honeydew, Hunter Green, Imperial Green, Irish Lowland, Jaded, Juniper Berry, Kelly Green, Kentucky Bluegrass, Keylime, Leaf Dust, Lime, White Limestone,Linden Green, Melted Ice, Mesa Green, Mint Clover, Minty Fresh, Mississippi Moss, Misty Emerald, Misty Morning, Misty Moss, Nautical White, Neighborhood Park, Newport Green, Not Too Green, Oregano, Oregon Trail, Overcast Green, Overseas, Palm Grove,Pea Shoot, Peaceful Green, Peacock, Precisely Green, Putting Green, Rainfall Green, Robin's Egg, Sage Bush, San Pedro Green, Santa Monica Pier, Sea Glass, Sea Mist, Seaweed Green, Sequoia Green, Sherwood Forest, Sisal Beige, Snowflake White, Solar Energy, Spanish Olive, Spring Buds, Spring Green, Spring Leeks, Spring Sprig, Spruce Green, Succulent Green, Summer Sage, Swamp Grass, Sycamore, Talc White,Tawny Gold, Teal Tide, Topiary Green,Tortugas Green, Tradewind Gray, Tree Canopy, Treelined Street,Tulla Beige, Urban Garden, Wasabi, Weeping Willow, Whispering Pines, White Pine, Willow Green ",Standard/No Effect,20,,
,,,,,,"6.25""x12'","5/16""",Colonial Roughsawn,Primed,Primed,Standard/No Effect,20,,
,,,,,,"6.25""x12'","5/16""",Colonial Roughsawn,Statement,"Aged Pewter, Arctic White, Boothbay Blue, Cobblestone, Evening Blue, Gray Slate, Iron Gray, Khaki Brown, Light Mist, Monteray Taupe, Mountain Sage, Navajo Beige, Night Gray, Pearl Gray, Rich Espresso, Timber Bark
Boothbay Blue
Iron Gray
Gray Slate
Cobblestone
Navajo Beige
Evening Blue
Aged Pewter 
Khaki Brown
Night Gray 
Monteray Taupe
Timber Bark 
Mountain Sage
Pearl Gray 
Light Mist
Rich Espresso",Standard/No Effect,20,,
,,,,,,"6.25""x12'","5/16""",Colonial Roughsawn,Dream,"Abby White, Aloe Vera Stem, Aluminum,Aqua Grand,Aqua Spa, Aquafoam, Arborvitae, Balsam Fir, BanyanTree, Blue Carnation, Blue Note, Blue Spruce, Bottle Green, Bouquet Green, Bristol Green, Bronze Star,Cadet Gray, Calypso Green, Caribbean Sea, Casa Green, Celedon Green, Celery White, Chantilly Lace, Cilantro Leaf, Citrine White, Climbing Vine, Coastal Fog, Country Green, Cristobal Blue, Derby Green, Dulcet Green, Eden Green, Elegant Green, Elm Tree, Empire Emerald, English Lavender, Eucalyptus, Eucalyptus Green, Everglade, Evergreen Forest, Fern Green, Filtered Gold, Firefly, Fishing Boat, Florida Everglades, Forever Green, Four Leaf Clover, First Spring, Front Lawn, Gable Green, Garden of Eden, Gold Leaf, Golden Delicious, Green Acrew, Green Ash, Green Bridge, Green Grass, Green Light, Green Sand, Greenhouse, Hawthorn White, Herbal, Highwater, Homestead Green, Honeydew, Hunter Green, Imperial Green, Irish Lowland, Jaded, Juniper Berry, Kelly Green, Kentucky Bluegrass, Keylime, Leaf Dust, Lime, White Limestone,Linden Green, Melted Ice, Mesa Green, Mint Clover, Minty Fresh, Mississippi Moss, Misty Emerald, Misty Morning, Misty Moss, Nautical White, Neighborhood Park, Newport Green, Not Too Green, Oregano, Oregon Trail, Overcast Green, Overseas, Palm Grove,Pea Shoot, Peaceful Green, Peacock, Precisely Green, Putting Green, Rainfall Green, Robin's Egg, Sage Bush, San Pedro Green, Santa Monica Pier, Sea Glass, Sea Mist, Seaweed Green, Sequoia Green, Sherwood Forest, Sisal Beige, Snowflake White, Solar Energy, Spanish Olive, Spring Buds, Spring Green, Spring Leeks, Spring Sprig, Spruce Green, Succulent Green, Summer Sage, Swamp Grass, Sycamore, Talc White,Tawny Gold, Teal Tide, Topiary Green,Tortugas Green, Tradewind Gray, Tree Canopy, Treelined Street,Tulla Beige, Urban Garden, Wasabi, Weeping Willow, Whispering Pines, White Pine, Willow Green ",Standard/No Effect,20,,
,,,,,,"7.25""x12'","5/16""",Smooth,Primed,Primed,Standard/No Effect,20,,
,,,,,,"8.25""x12'","5/16""",Smooth,Primed,Primed,Standard/No Effect,20,,
,,,,,,"9.25""x12'","5/16""",Smooth,Primed,Primed,Standard/No Effect,20,,
,,,,,,"12.00""x12'","5/16""",Smooth,Primed,Primed,Standard/No Effect,20,,
,,,,,,"7.25""x12'","5/16""",Smooth,Statement,"Aged Pewter, Arctic White, Boothbay Blue, Cobblestone, Evening Blue, Gray Slate, Iron Gray, Khaki Brown, Light Mist, Monteray Taupe, Mountain Sage, Navajo Beige, Night Gray, Pearl Gray, Rich Espresso, Timber Bark
Boothbay Blue
Iron Gray
Gray Slate
Cobblestone
Navajo Beige
Evening Blue
Aged Pewter 
Khaki Brown
Night Gray 
Monteray Taupe
Timber Bark 
Mountain Sage
Pearl Gray 
Light Mist
Rich Espresso",Standard/No Effect,20,,
,,,,,,"8.25""x12'","5/16""",Smooth,Statement,"Aged Pewter, Arctic White, Boothbay Blue, Cobblestone, Evening Blue, Gray Slate, Iron Gray, Khaki Brown, Light Mist, Monteray Taupe, Mountain Sage, Navajo Beige, Night Gray, Pearl Gray, Rich Espresso, Timber Bark
Boothbay Blue
Iron Gray
Gray Slate
Cobblestone
Navajo Beige
Evening Blue
Aged Pewter 
Khaki Brown
Night Gray 
Monteray Taupe
Timber Bark 
Mountain Sage
Pearl Gray 
Light Mist
Rich Espresso",Standard/No Effect,20,,
,,,,,,"9.25""x12'","5/16""",Smooth,Statement,"Aged Pewter, Arctic White, Boothbay Blue, Cobblestone, Evening Blue, Gray Slate, Iron Gray, Khaki Brown, Light Mist, Monteray Taupe, Mountain Sage, Navajo Beige, Night Gray, Pearl Gray, Rich Espresso, Timber Bark
Boothbay Blue
Iron Gray
Gray Slate
Cobblestone
Navajo Beige
Evening Blue
Aged Pewter 
Khaki Brown
Night Gray 
Monteray Taupe
Timber Bark 
Mountain Sage
Pearl Gray 
Light Mist
Rich Espresso",Standard/No Effect,20,,
,,,,,,"12.00""x12'","5/16""",Smooth,Statement,"Aged Pewter, Arctic White, Boothbay Blue, Cobblestone, Evening Blue, Gray Slate, Iron Gray, Khaki Brown, Light Mist, Monteray Taupe, Mountain Sage, Navajo Beige, Night Gray, Pearl Gray, Rich Espresso, Timber Bark
Boothbay Blue
Iron Gray
Gray Slate
Cobblestone
Navajo Beige
Evening Blue
Aged Pewter 
Khaki Brown
Night Gray 
Monteray Taupe
Timber Bark 
Mountain Sage
Pearl Gray 
Light Mist
Rich Espresso",Standard/No Effect,20,,
,,,,,,"7.25""x12'","5/16""",Smooth,Dream,"Abby White, Aloe Vera Stem, Aluminum,Aqua Grand,Aqua Spa, Aquafoam, Arborvitae, Balsam Fir, BanyanTree, Blue Carnation, Blue Note, Blue Spruce, Bottle Green, Bouquet Green, Bristol Green, Bronze Star,Cadet Gray, Calypso Green, Caribbean Sea, Casa Green, Celedon Green, Celery White, Chantilly Lace, Cilantro Leaf, Citrine White, Climbing Vine, Coastal Fog, Country Green, Cristobal Blue, Derby Green, Dulcet Green, Eden Green, Elegant Green, Elm Tree, Empire Emerald, English Lavender, Eucalyptus, Eucalyptus Green, Everglade, Evergreen Forest, Fern Green, Filtered Gold, Firefly, Fishing Boat, Florida Everglades, Forever Green, Four Leaf Clover, First Spring, Front Lawn, Gable Green, Garden of Eden, Gold Leaf, Golden Delicious, Green Acrew, Green Ash, Green Bridge, Green Grass, Green Light, Green Sand, Greenhouse, Hawthorn White, Herbal, Highwater, Homestead Green, Honeydew, Hunter Green, Imperial Green, Irish Lowland, Jaded, Juniper Berry, Kelly Green, Kentucky Bluegrass, Keylime, Leaf Dust, Lime, White Limestone,Linden Green, Melted Ice, Mesa Green, Mint Clover, Minty Fresh, Mississippi Moss, Misty Emerald, Misty Morning, Misty Moss, Nautical White, Neighborhood Park, Newport Green, Not Too Green, Oregano, Oregon Trail, Overcast Green, Overseas, Palm Grove,Pea Shoot, Peaceful Green, Peacock, Precisely Green, Putting Green, Rainfall Green, Robin's Egg, Sage Bush, San Pedro Green, Santa Monica Pier, Sea Glass, Sea Mist, Seaweed Green, Sequoia Green, Sherwood Forest, Sisal Beige, Snowflake White, Solar Energy, Spanish Olive, Spring Buds, Spring Green, Spring Leeks, Spring Sprig, Spruce Green, Succulent Green, Summer Sage, Swamp Grass, Sycamore, Talc White,Tawny Gold, Teal Tide, Topiary Green,Tortugas Green, Tradewind Gray, Tree Canopy, Treelined Street,Tulla Beige, Urban Garden, Wasabi, Weeping Willow, Whispering Pines, White Pine, Willow Green ",Standard/No Effect,20,,
,,,,,,"8.25""x12'","5/16""",Smooth,Dream,"Abby White, Aloe Vera Stem, Aluminum,Aqua Grand,Aqua Spa, Aquafoam, Arborvitae, Balsam Fir, BanyanTree, Blue Carnation, Blue Note, Blue Spruce, Bottle Green, Bouquet Green, Bristol Green, Bronze Star,Cadet Gray, Calypso Green, Caribbean Sea, Casa Green, Celedon Green, Celery White, Chantilly Lace, Cilantro Leaf, Citrine White, Climbing Vine, Coastal Fog, Country Green, Cristobal Blue, Derby Green, Dulcet Green, Eden Green, Elegant Green, Elm Tree, Empire Emerald, English Lavender, Eucalyptus, Eucalyptus Green, Everglade, Evergreen Forest, Fern Green, Filtered Gold, Firefly, Fishing Boat, Florida Everglades, Forever Green, Four Leaf Clover, First Spring, Front Lawn, Gable Green, Garden of Eden, Gold Leaf, Golden Delicious, Green Acrew, Green Ash, Green Bridge, Green Grass, Green Light, Green Sand, Greenhouse, Hawthorn White, Herbal, Highwater, Homestead Green, Honeydew, Hunter Green, Imperial Green, Irish Lowland, Jaded, Juniper Berry, Kelly Green, Kentucky Bluegrass, Keylime, Leaf Dust, Lime, White Limestone,Linden Green, Melted Ice, Mesa Green, Mint Clover, Minty Fresh, Mississippi Moss, Misty Emerald, Misty Morning, Misty Moss, Nautical White, Neighborhood Park, Newport Green, Not Too Green, Oregano, Oregon Trail, Overcast Green, Overseas, Palm Grove,Pea Shoot, Peaceful Green, Peacock, Precisely Green, Putting Green, Rainfall Green, Robin's Egg, Sage Bush, San Pedro Green, Santa Monica Pier, Sea Glass, Sea Mist, Seaweed Green, Sequoia Green, Sherwood Forest, Sisal Beige, Snowflake White, Solar Energy, Spanish Olive, Spring Buds, Spring Green, Spring Leeks, Spring Sprig, Spruce Green, Succulent Green, Summer Sage, Swamp Grass, Sycamore, Talc White,Tawny Gold, Teal Tide, Topiary Green,Tortugas Green, Tradewind Gray, Tree Canopy, Treelined Street,Tulla Beige, Urban Garden, Wasabi, Weeping Willow, Whispering Pines, White Pine, Willow Green ",Standard/No Effect,20,,
,,,,,,"9.25""x12'","5/16""",Smooth,Dream,"Abby White, Aloe Vera Stem, Aluminum,Aqua Grand,Aqua Spa, Aquafoam, Arborvitae, Balsam Fir, BanyanTree, Blue Carnation, Blue Note, Blue Spruce, Bottle Green, Bouquet Green, Bristol Green, Bronze Star,Cadet Gray, Calypso Green, Caribbean Sea, Casa Green, Celedon Green, Celery White, Chantilly Lace, Cilantro Leaf, Citrine White, Climbing Vine, Coastal Fog, Country Green, Cristobal Blue, Derby Green, Dulcet Green, Eden Green, Elegant Green, Elm Tree, Empire Emerald, English Lavender, Eucalyptus, Eucalyptus Green, Everglade, Evergreen Forest, Fern Green, Filtered Gold, Firefly, Fishing Boat, Florida Everglades, Forever Green, Four Leaf Clover, First Spring, Front Lawn, Gable Green, Garden of Eden, Gold Leaf, Golden Delicious, Green Acrew, Green Ash, Green Bridge, Green Grass, Green Light, Green Sand, Greenhouse, Hawthorn White, Herbal, Highwater, Homestead Green, Honeydew, Hunter Green, Imperial Green, Irish Lowland, Jaded, Juniper Berry, Kelly Green, Kentucky Bluegrass, Keylime, Leaf Dust, Lime, White Limestone,Linden Green, Melted Ice, Mesa Green, Mint Clover, Minty Fresh, Mississippi Moss, Misty Emerald, Misty Morning, Misty Moss, Nautical White, Neighborhood Park, Newport Green, Not Too Green, Oregano, Oregon Trail, Overcast Green, Overseas, Palm Grove,Pea Shoot, Peaceful Green, Peacock, Precisely Green, Putting Green, Rainfall Green, Robin's Egg, Sage Bush, San Pedro Green, Santa Monica Pier, Sea Glass, Sea Mist, Seaweed Green, Sequoia Green, Sherwood Forest, Sisal Beige, Snowflake White, Solar Energy, Spanish Olive, Spring Buds, Spring Green, Spring Leeks, Spring Sprig, Spruce Green, Succulent Green, Summer Sage, Swamp Grass, Sycamore, Talc White,Tawny Gold, Teal Tide, Topiary Green,Tortugas Green, Tradewind Gray, Tree Canopy, Treelined Street,Tulla Beige, Urban Garden, Wasabi, Weeping Willow, Whispering Pines, White Pine, Willow Green ",Standard/No Effect,20,,
,,,,,,"12.00""x12'","5/16""",Smooth,Dream,"Abby White, Aloe Vera Stem, Aluminum,Aqua Grand,Aqua Spa, Aquafoam, Arborvitae, Balsam Fir, BanyanTree, Blue Carnation, Blue Note, Blue Spruce, Bottle Green, Bouquet Green, Bristol Green, Bronze Star,Cadet Gray, Calypso Green, Caribbean Sea, Casa Green, Celedon Green, Celery White, Chantilly Lace, Cilantro Leaf, Citrine White, Climbing Vine, Coastal Fog, Country Green, Cristobal Blue, Derby Green, Dulcet Green, Eden Green, Elegant Green, Elm Tree, Empire Emerald, English Lavender, Eucalyptus, Eucalyptus Green, Everglade, Evergreen Forest, Fern Green, Filtered Gold, Firefly, Fishing Boat, Florida Everglades, Forever Green, Four Leaf Clover, First Spring, Front Lawn, Gable Green, Garden of Eden, Gold Leaf, Golden Delicious, Green Acrew, Green Ash, Green Bridge, Green Grass, Green Light, Green Sand, Greenhouse, Hawthorn White, Herbal, Highwater, Homestead Green, Honeydew, Hunter Green, Imperial Green, Irish Lowland, Jaded, Juniper Berry, Kelly Green, Kentucky Bluegrass, Keylime, Leaf Dust, Lime, White Limestone,Linden Green, Melted Ice, Mesa Green, Mint Clover, Minty Fresh, Mississippi Moss, Misty Emerald, Misty Morning, Misty Moss, Nautical White, Neighborhood Park, Newport Green, Not Too Green, Oregano, Oregon Trail, Overcast Green, Overseas, Palm Grove,Pea Shoot, Peaceful Green, Peacock, Precisely Green, Putting Green, Rainfall Green, Robin's Egg, Sage Bush, San Pedro Green, Santa Monica Pier, Sea Glass, Sea Mist, Seaweed Green, Sequoia Green, Sherwood Forest, Sisal Beige, Snowflake White, Solar Energy, Spanish Olive, Spring Buds, Spring Green, Spring Leeks, Spring Sprig, Spruce Green, Succulent Green, Summer Sage, Swamp Grass, Sycamore, Talc White,Tawny Gold, Teal Tide, Topiary Green,Tortugas Green, Tradewind Gray, Tree Canopy, Treelined Street,Tulla Beige, Urban Garden, Wasabi, Weeping Willow, Whispering Pines, White Pine, Willow Green ",Standard/No Effect,20,,
,,,,,,"7.25""x12'","5/16""",Woodgrain,Primed,Primed,Standard/No Effect,20,,
,,,,,,"8.25""x12'","5/16""",Woodgrain,Primed,Primed,Standard/No Effect,20,,
,,,,,,"9.25""x12'","5/16""",Woodgrain,Primed,Primed,Standard/No Effect,20,,
,,,,,,"12.00""x12'","5/16""",Woodgrain,Primed,Primed,Standard/No Effect,20,,
,,,,,,"7.25""x12'","5/16""",Woodgrain,Statement,"Aged Pewter, Arctic White, Boothbay Blue, Cobblestone, Evening Blue, Gray Slate, Iron Gray, Khaki Brown, Light Mist, Monteray Taupe, Mountain Sage, Navajo Beige, Night Gray, Pearl Gray, Rich Espresso, Timber Bark
Boothbay Blue
Iron Gray
Gray Slate
Cobblestone
Navajo Beige
Evening Blue
Aged Pewter 
Khaki Brown
Night Gray 
Monteray Taupe
Timber Bark 
Mountain Sage
Pearl Gray 
Light Mist
Rich Espresso",Standard/No Effect,20,,
,,,,,,"8.25""x12'","5/16""",Woodgrain,Statement,"Aged Pewter, Arctic White, Boothbay Blue, Cobblestone, Evening Blue, Gray Slate, Iron Gray, Khaki Brown, Light Mist, Monteray Taupe, Mountain Sage, Navajo Beige, Night Gray, Pearl Gray, Rich Espresso, Timber Bark
Boothbay Blue
Iron Gray
Gray Slate
Cobblestone
Navajo Beige
Evening Blue
Aged Pewter 
Khaki Brown
Night Gray 
Monteray Taupe
Timber Bark 
Mountain Sage
Pearl Gray 
Light Mist
Rich Espresso",Standard/No Effect,20,,
,,,,,,"9.25""x12'","5/16""",Woodgrain,Statement,"Aged Pewter, Arctic White, Boothbay Blue, Cobblestone, Evening Blue, Gray Slate, Iron Gray, Khaki Brown, Light Mist, Monteray Taupe, Mountain Sage, Navajo Beige, Night Gray, Pearl Gray, Rich Espresso, Timber Bark
Boothbay Blue
Iron Gray
Gray Slate
Cobblestone
Navajo Beige
Evening Blue
Aged Pewter 
Khaki Brown
Night Gray 
Monteray Taupe
Timber Bark 
Mountain Sage
Pearl Gray 
Light Mist
Rich Espresso",Standard/No Effect,20,,
,,,,,,"12.00""x12'","5/16""",Woodgrain,Statement,"Aged Pewter, Arctic White, Boothbay Blue, Cobblestone, Evening Blue, Gray Slate, Iron Gray, Khaki Brown, Light Mist, Monteray Taupe, Mountain Sage, Navajo Beige, Night Gray, Pearl Gray, Rich Espresso, Timber Bark
Boothbay Blue
Iron Gray
Gray Slate
Cobblestone
Navajo Beige
Evening Blue
Aged Pewter 
Khaki Brown
Night Gray 
Monteray Taupe
Timber Bark 
Mountain Sage
Pearl Gray 
Light Mist
Rich Espresso",Standard/No Effect,20,,
,,,,,,"7.25""x12'","5/16""",Woodgrain,Dream,"Abby White, Aloe Vera Stem, Aluminum,Aqua Grand,Aqua Spa, Aquafoam, Arborvitae, Balsam Fir, BanyanTree, Blue Carnation, Blue Note, Blue Spruce, Bottle Green, Bouquet Green, Bristol Green, Bronze Star,Cadet Gray, Calypso Green, Caribbean Sea, Casa Green, Celedon Green, Celery White, Chantilly Lace, Cilantro Leaf, Citrine White, Climbing Vine, Coastal Fog, Country Green, Cristobal Blue, Derby Green, Dulcet Green, Eden Green, Elegant Green, Elm Tree, Empire Emerald, English Lavender, Eucalyptus, Eucalyptus Green, Everglade, Evergreen Forest, Fern Green, Filtered Gold, Firefly, Fishing Boat, Florida Everglades, Forever Green, Four Leaf Clover, First Spring, Front Lawn, Gable Green, Garden of Eden, Gold Leaf, Golden Delicious, Green Acrew, Green Ash, Green Bridge, Green Grass, Green Light, Green Sand, Greenhouse, Hawthorn White, Herbal, Highwater, Homestead Green, Honeydew, Hunter Green, Imperial Green, Irish Lowland, Jaded, Juniper Berry, Kelly Green, Kentucky Bluegrass, Keylime, Leaf Dust, Lime, White Limestone,Linden Green, Melted Ice, Mesa Green, Mint Clover, Minty Fresh, Mississippi Moss, Misty Emerald, Misty Morning, Misty Moss, Nautical White, Neighborhood Park, Newport Green, Not Too Green, Oregano, Oregon Trail, Overcast Green, Overseas, Palm Grove,Pea Shoot, Peaceful Green, Peacock, Precisely Green, Putting Green, Rainfall Green, Robin's Egg, Sage Bush, San Pedro Green, Santa Monica Pier, Sea Glass, Sea Mist, Seaweed Green, Sequoia Green, Sherwood Forest, Sisal Beige, Snowflake White, Solar Energy, Spanish Olive, Spring Buds, Spring Green, Spring Leeks, Spring Sprig, Spruce Green, Succulent Green, Summer Sage, Swamp Grass, Sycamore, Talc White,Tawny Gold, Teal Tide, Topiary Green,Tortugas Green, Tradewind Gray, Tree Canopy, Treelined Street,Tulla Beige, Urban Garden, Wasabi, Weeping Willow, Whispering Pines, White Pine, Willow Green ",Standard/No Effect,20,,
,,,,,,"8.25""x12'","5/16""",Woodgrain,Dream,"Abby White, Aloe Vera Stem, Aluminum,Aqua Grand,Aqua Spa, Aquafoam, Arborvitae, Balsam Fir, BanyanTree, Blue Carnation, Blue Note, Blue Spruce, Bottle Green, Bouquet Green, Bristol Green, Bronze Star,Cadet Gray, Calypso Green, Caribbean Sea, Casa Green, Celedon Green, Celery White, Chantilly Lace, Cilantro Leaf, Citrine White, Climbing Vine, Coastal Fog, Country Green, Cristobal Blue, Derby Green, Dulcet Green, Eden Green, Elegant Green, Elm Tree, Empire Emerald, English Lavender, Eucalyptus, Eucalyptus Green, Everglade, Evergreen Forest, Fern Green, Filtered Gold, Firefly, Fishing Boat, Florida Everglades, Forever Green, Four Leaf Clover, First Spring, Front Lawn, Gable Green, Garden of Eden, Gold Leaf, Golden Delicious, Green Acrew, Green Ash, Green Bridge, Green Grass, Green Light, Green Sand, Greenhouse, Hawthorn White, Herbal, Highwater, Homestead Green, Honeydew, Hunter Green, Imperial Green, Irish Lowland, Jaded, Juniper Berry, Kelly Green, Kentucky Bluegrass, Keylime, Leaf Dust, Lime, White Limestone,Linden Green, Melted Ice, Mesa Green, Mint Clover, Minty Fresh, Mississippi Moss, Misty Emerald, Misty Morning, Misty Moss, Nautical White, Neighborhood Park, Newport Green, Not Too Green, Oregano, Oregon Trail, Overcast Green, Overseas, Palm Grove,Pea Shoot, Peaceful Green, Peacock, Precisely Green, Putting Green, Rainfall Green, Robin's Egg, Sage Bush, San Pedro Green, Santa Monica Pier, Sea Glass, Sea Mist, Seaweed Green, Sequoia Green, Sherwood Forest, Sisal Beige, Snowflake White, Solar Energy, Spanish Olive, Spring Buds, Spring Green, Spring Leeks, Spring Sprig, Spruce Green, Succulent Green, Summer Sage, Swamp Grass, Sycamore, Talc White,Tawny Gold, Teal Tide, Topiary Green,Tortugas Green, Tradewind Gray, Tree Canopy, Treelined Street,Tulla Beige, Urban Garden, Wasabi, Weeping Willow, Whispering Pines, White Pine, Willow Green ",Standard/No Effect,20,,
,,,,,,"9.25""x12'","5/16""",Woodgrain,Dream,"Abby White, Aloe Vera Stem, Aluminum,Aqua Grand,Aqua Spa, Aquafoam, Arborvitae, Balsam Fir, BanyanTree, Blue Carnation, Blue Note, Blue Spruce, Bottle Green, Bouquet Green, Bristol Green, Bronze Star,Cadet Gray, Calypso Green, Caribbean Sea, Casa Green, Celedon Green, Celery White, Chantilly Lace, Cilantro Leaf, Citrine White, Climbing Vine, Coastal Fog, Country Green, Cristobal Blue, Derby Green, Dulcet Green, Eden Green, Elegant Green, Elm Tree, Empire Emerald, English Lavender, Eucalyptus, Eucalyptus Green, Everglade, Evergreen Forest, Fern Green, Filtered Gold, Firefly, Fishing Boat, Florida Everglades, Forever Green, Four Leaf Clover, First Spring, Front Lawn, Gable Green, Garden of Eden, Gold Leaf, Golden Delicious, Green Acrew, Green Ash, Green Bridge, Green Grass, Green Light, Green Sand, Greenhouse, Hawthorn White, Herbal, Highwater, Homestead Green, Honeydew, Hunter Green, Imperial Green, Irish Lowland, Jaded, Juniper Berry, Kelly Green, Kentucky Bluegrass, Keylime, Leaf Dust, Lime, White Limestone,Linden Green, Melted Ice, Mesa Green, Mint Clover, Minty Fresh, Mississippi Moss, Misty Emerald, Misty Morning, Misty Moss, Nautical White, Neighborhood Park, Newport Green, Not Too Green, Oregano, Oregon Trail, Overcast Green, Overseas, Palm Grove,Pea Shoot, Peaceful Green, Peacock, Precisely Green, Putting Green, Rainfall Green, Robin's Egg, Sage Bush, San Pedro Green, Santa Monica Pier, Sea Glass, Sea Mist, Seaweed Green, Sequoia Green, Sherwood Forest, Sisal Beige, Snowflake White, Solar Energy, Spanish Olive, Spring Buds, Spring Green, Spring Leeks, Spring Sprig, Spruce Green, Succulent Green, Summer Sage, Swamp Grass, Sycamore, Talc White,Tawny Gold, Teal Tide, Topiary Green,Tortugas Green, Tradewind Gray, Tree Canopy, Treelined Street,Tulla Beige, Urban Garden, Wasabi, Weeping Willow, Whispering Pines, White Pine, Willow Green ",Standard/No Effect,20,,
,,,,,,"12.00""x12'","5/16""",Woodgrain,Dream,"Abby White, Aloe Vera Stem, Aluminum,Aqua Grand,Aqua Spa, Aquafoam, Arborvitae, Balsam Fir, BanyanTree, Blue Carnation, Blue Note, Blue Spruce, Bottle Green, Bouquet Green, Bristol Green, Bronze Star,Cadet Gray, Calypso Green, Caribbean Sea, Casa Green, Celedon Green, Celery White, Chantilly Lace, Cilantro Leaf, Citrine White, Climbing Vine, Coastal Fog, Country Green, Cristobal Blue, Derby Green, Dulcet Green, Eden Green, Elegant Green, Elm Tree, Empire Emerald, English Lavender, Eucalyptus, Eucalyptus Green, Everglade, Evergreen Forest, Fern Green, Filtered Gold, Firefly, Fishing Boat, Florida Everglades, Forever Green, Four Leaf Clover, First Spring, Front Lawn, Gable Green, Garden of Eden, Gold Leaf, Golden Delicious, Green Acrew, Green Ash, Green Bridge, Green Grass, Green Light, Green Sand, Greenhouse, Hawthorn White, Herbal, Highwater, Homestead Green, Honeydew, Hunter Green, Imperial Green, Irish Lowland, Jaded, Juniper Berry, Kelly Green, Kentucky Bluegrass, Keylime, Leaf Dust, Lime, White Limestone,Linden Green, Melted Ice, Mesa Green, Mint Clover, Minty Fresh, Mississippi Moss, Misty Emerald, Misty Morning, Misty Moss, Nautical White, Neighborhood Park, Newport Green, Not Too Green, Oregano, Oregon Trail, Overcast Green, Overseas, Palm Grove,Pea Shoot, Peaceful Green, Peacock, Precisely Green, Putting Green, Rainfall Green, Robin's Egg, Sage Bush, San Pedro Green, Santa Monica Pier, Sea Glass, Sea Mist, Seaweed Green, Sequoia Green, Sherwood Forest, Sisal Beige, Snowflake White, Solar Energy, Spanish Olive, Spring Buds, Spring Green, Spring Leeks, Spring Sprig, Spruce Green, Succulent Green, Summer Sage, Swamp Grass, Sycamore, Talc White,Tawny Gold, Teal Tide, Topiary Green,Tortugas Green, Tradewind Gray, Tree Canopy, Treelined Street,Tulla Beige, Urban Garden, Wasabi, Weeping Willow, Whispering Pines, White Pine, Willow Green ",Standard/No Effect,20,,
,,,,,,"7.25""x12'","5/16""",Beaded Smooth,Primed,Primed,Standard/No Effect,20,,
,,,,,,"8.25""x12'","5/16""",Beaded Smooth,Primed,Primed,Standard/No Effect,20,,
,,,,,,"9.25""x12'","5/16""",Beaded Smooth,Primed,Primed,Standard/No Effect,20,,
,,,,,,"12.00""x12'","5/16""",Beaded Smooth,Primed,Primed,Standard/No Effect,20,,
,,,,,,"7.25""x12'","5/16""",Beaded Smooth,Statement,"Aged Pewter, Arctic White, Boothbay Blue, Cobblestone, Evening Blue, Gray Slate, Iron Gray, Khaki Brown, Light Mist, Monteray Taupe, Mountain Sage, Navajo Beige, Night Gray, Pearl Gray, Rich Espresso, Timber Bark
Boothbay Blue
Iron Gray
Gray Slate
Cobblestone
Navajo Beige
Evening Blue
Aged Pewter 
Khaki Brown
Night Gray 
Monteray Taupe
Timber Bark 
Mountain Sage
Pearl Gray 
Light Mist
Rich Espresso",Standard/No Effect,20,,
,,,,,,"8.25""x12'","5/16""",Beaded Smooth,Statement,"Aged Pewter, Arctic White, Boothbay Blue, Cobblestone, Evening Blue, Gray Slate, Iron Gray, Khaki Brown, Light Mist, Monteray Taupe, Mountain Sage, Navajo Beige, Night Gray, Pearl Gray, Rich Espresso, Timber Bark
Boothbay Blue
Iron Gray
Gray Slate
Cobblestone
Navajo Beige
Evening Blue
Aged Pewter 
Khaki Brown
Night Gray 
Monteray Taupe
Timber Bark 
Mountain Sage
Pearl Gray 
Light Mist
Rich Espresso",Standard/No Effect,20,,
,,,,,,"9.25""x12'","5/16""",Beaded Smooth,Statement,"Aged Pewter, Arctic White, Boothbay Blue, Cobblestone, Evening Blue, Gray Slate, Iron Gray, Khaki Brown, Light Mist, Monteray Taupe, Mountain Sage, Navajo Beige, Night Gray, Pearl Gray, Rich Espresso, Timber Bark
Boothbay Blue
Iron Gray
Gray Slate
Cobblestone
Navajo Beige
Evening Blue
Aged Pewter 
Khaki Brown
Night Gray 
Monteray Taupe
Timber Bark 
Mountain Sage
Pearl Gray 
Light Mist
Rich Espresso",Standard/No Effect,20,,
,,,,,,"12.00""x12'","5/16""",Beaded Smooth,Statement,"Aged Pewter, Arctic White, Boothbay Blue, Cobblestone, Evening Blue, Gray Slate, Iron Gray, Khaki Brown, Light Mist, Monteray Taupe, Mountain Sage, Navajo Beige, Night Gray, Pearl Gray, Rich Espresso, Timber Bark
Boothbay Blue
Iron Gray
Gray Slate
Cobblestone
Navajo Beige
Evening Blue
Aged Pewter 
Khaki Brown
Night Gray 
Monteray Taupe
Timber Bark 
Mountain Sage
Pearl Gray 
Light Mist
Rich Espresso",Standard/No Effect,20,,
,,,,,,"7.25""x12'","5/16""",Beaded Smooth,Dream,"Abby White, Aloe Vera Stem, Aluminum,Aqua Grand,Aqua Spa, Aquafoam, Arborvitae, Balsam Fir, BanyanTree, Blue Carnation, Blue Note, Blue Spruce, Bottle Green, Bouquet Green, Bristol Green, Bronze Star,Cadet Gray, Calypso Green, Caribbean Sea, Casa Green, Celedon Green, Celery White, Chantilly Lace, Cilantro Leaf, Citrine White, Climbing Vine, Coastal Fog, Country Green, Cristobal Blue, Derby Green, Dulcet Green, Eden Green, Elegant Green, Elm Tree, Empire Emerald, English Lavender, Eucalyptus, Eucalyptus Green, Everglade, Evergreen Forest, Fern Green, Filtered Gold, Firefly, Fishing Boat, Florida Everglades, Forever Green, Four Leaf Clover, First Spring, Front Lawn, Gable Green, Garden of Eden, Gold Leaf, Golden Delicious, Green Acrew, Green Ash, Green Bridge, Green Grass, Green Light, Green Sand, Greenhouse, Hawthorn White, Herbal, Highwater, Homestead Green, Honeydew, Hunter Green, Imperial Green, Irish Lowland, Jaded, Juniper Berry, Kelly Green, Kentucky Bluegrass, Keylime, Leaf Dust, Lime, White Limestone,Linden Green, Melted Ice, Mesa Green, Mint Clover, Minty Fresh, Mississippi Moss, Misty Emerald, Misty Morning, Misty Moss, Nautical White, Neighborhood Park, Newport Green, Not Too Green, Oregano, Oregon Trail, Overcast Green, Overseas, Palm Grove,Pea Shoot, Peaceful Green, Peacock, Precisely Green, Putting Green, Rainfall Green, Robin's Egg, Sage Bush, San Pedro Green, Santa Monica Pier, Sea Glass, Sea Mist, Seaweed Green, Sequoia Green, Sherwood Forest, Sisal Beige, Snowflake White, Solar Energy, Spanish Olive, Spring Buds, Spring Green, Spring Leeks, Spring Sprig, Spruce Green, Succulent Green, Summer Sage, Swamp Grass, Sycamore, Talc White,Tawny Gold, Teal Tide, Topiary Green,Tortugas Green, Tradewind Gray, Tree Canopy, Treelined Street,Tulla Beige, Urban Garden, Wasabi, Weeping Willow, Whispering Pines, White Pine, Willow Green ",Standard/No Effect,20,,
,,,,,,"8.25""x12'","5/16""",Beaded Smooth,Dream,"Abby White, Aloe Vera Stem, Aluminum,Aqua Grand,Aqua Spa, Aquafoam, Arborvitae, Balsam Fir, BanyanTree, Blue Carnation, Blue Note, Blue Spruce, Bottle Green, Bouquet Green, Bristol Green, Bronze Star,Cadet Gray, Calypso Green, Caribbean Sea, Casa Green, Celedon Green, Celery White, Chantilly Lace, Cilantro Leaf, Citrine White, Climbing Vine, Coastal Fog, Country Green, Cristobal Blue, Derby Green, Dulcet Green, Eden Green, Elegant Green, Elm Tree, Empire Emerald, English Lavender, Eucalyptus, Eucalyptus Green, Everglade, Evergreen Forest, Fern Green, Filtered Gold, Firefly, Fishing Boat, Florida Everglades, Forever Green, Four Leaf Clover, First Spring, Front Lawn, Gable Green, Garden of Eden, Gold Leaf, Golden Delicious, Green Acrew, Green Ash, Green Bridge, Green Grass, Green Light, Green Sand, Greenhouse, Hawthorn White, Herbal, Highwater, Homestead Green, Honeydew, Hunter Green, Imperial Green, Irish Lowland, Jaded, Juniper Berry, Kelly Green, Kentucky Bluegrass, Keylime, Leaf Dust, Lime, White Limestone,Linden Green, Melted Ice, Mesa Green, Mint Clover, Minty Fresh, Mississippi Moss, Misty Emerald, Misty Morning, Misty Moss, Nautical White, Neighborhood Park, Newport Green, Not Too Green, Oregano, Oregon Trail, Overcast Green, Overseas, Palm Grove,Pea Shoot, Peaceful Green, Peacock, Precisely Green, Putting Green, Rainfall Green, Robin's Egg, Sage Bush, San Pedro Green, Santa Monica Pier, Sea Glass, Sea Mist, Seaweed Green, Sequoia Green, Sherwood Forest, Sisal Beige, Snowflake White, Solar Energy, Spanish Olive, Spring Buds, Spring Green, Spring Leeks, Spring Sprig, Spruce Green, Succulent Green, Summer Sage, Swamp Grass, Sycamore, Talc White,Tawny Gold, Teal Tide, Topiary Green,Tortugas Green, Tradewind Gray, Tree Canopy, Treelined Street,Tulla Beige, Urban Garden, Wasabi, Weeping Willow, Whispering Pines, White Pine, Willow Green ",Standard/No Effect,20,,
,,,,,,"9.25""x12'","5/16""",Beaded Smooth,Dream,"Abby White, Aloe Vera Stem, Aluminum,Aqua Grand,Aqua Spa, Aquafoam, Arborvitae, Balsam Fir, BanyanTree, Blue Carnation, Blue Note, Blue Spruce, Bottle Green, Bouquet Green, Bristol Green, Bronze Star,Cadet Gray, Calypso Green, Caribbean Sea, Casa Green, Celedon Green, Celery White, Chantilly Lace, Cilantro Leaf, Citrine White, Climbing Vine, Coastal Fog, Country Green, Cristobal Blue, Derby Green, Dulcet Green, Eden Green, Elegant Green, Elm Tree, Empire Emerald, English Lavender, Eucalyptus, Eucalyptus Green, Everglade, Evergreen Forest, Fern Green, Filtered Gold, Firefly, Fishing Boat, Florida Everglades, Forever Green, Four Leaf Clover, First Spring, Front Lawn, Gable Green, Garden of Eden, Gold Leaf, Golden Delicious, Green Acrew, Green Ash, Green Bridge, Green Grass, Green Light, Green Sand, Greenhouse, Hawthorn White, Herbal, Highwater, Homestead Green, Honeydew, Hunter Green, Imperial Green, Irish Lowland, Jaded, Juniper Berry, Kelly Green, Kentucky Bluegrass, Keylime, Leaf Dust, Lime, White Limestone,Linden Green, Melted Ice, Mesa Green, Mint Clover, Minty Fresh, Mississippi Moss, Misty Emerald, Misty Morning, Misty Moss, Nautical White, Neighborhood Park, Newport Green, Not Too Green, Oregano, Oregon Trail, Overcast Green, Overseas, Palm Grove,Pea Shoot, Peaceful Green, Peacock, Precisely Green, Putting Green, Rainfall Green, Robin's Egg, Sage Bush, San Pedro Green, Santa Monica Pier, Sea Glass, Sea Mist, Seaweed Green, Sequoia Green, Sherwood Forest, Sisal Beige, Snowflake White, Solar Energy, Spanish Olive, Spring Buds, Spring Green, Spring Leeks, Spring Sprig, Spruce Green, Succulent Green, Summer Sage, Swamp Grass, Sycamore, Talc White,Tawny Gold, Teal Tide, Topiary Green,Tortugas Green, Tradewind Gray, Tree Canopy, Treelined Street,Tulla Beige, Urban Garden, Wasabi, Weeping Willow, Whispering Pines, White Pine, Willow Green ",Standard/No Effect,20,,
,,,,,,"12.00""x12'","5/16""",Beaded Smooth,Dream,"Abby White, Aloe Vera Stem, Aluminum,Aqua Grand,Aqua Spa, Aquafoam, Arborvitae, Balsam Fir, BanyanTree, Blue Carnation, Blue Note, Blue Spruce, Bottle Green, Bouquet Green, Bristol Green, Bronze Star,Cadet Gray, Calypso Green, Caribbean Sea, Casa Green, Celedon Green, Celery White, Chantilly Lace, Cilantro Leaf, Citrine White, Climbing Vine, Coastal Fog, Country Green, Cristobal Blue, Derby Green, Dulcet Green, Eden Green, Elegant Green, Elm Tree, Empire Emerald, English Lavender, Eucalyptus, Eucalyptus Green, Everglade, Evergreen Forest, Fern Green, Filtered Gold, Firefly, Fishing Boat, Florida Everglades, Forever Green, Four Leaf Clover, First Spring, Front Lawn, Gable Green, Garden of Eden, Gold Leaf, Golden Delicious, Green Acrew, Green Ash, Green Bridge, Green Grass, Green Light, Green Sand, Greenhouse, Hawthorn White, Herbal, Highwater, Homestead Green, Honeydew, Hunter Green, Imperial Green, Irish Lowland, Jaded, Juniper Berry, Kelly Green, Kentucky Bluegrass, Keylime, Leaf Dust, Lime, White Limestone,Linden Green, Melted Ice, Mesa Green, Mint Clover, Minty Fresh, Mississippi Moss, Misty Emerald, Misty Morning, Misty Moss, Nautical White, Neighborhood Park, Newport Green, Not Too Green, Oregano, Oregon Trail, Overcast Green, Overseas, Palm Grove,Pea Shoot, Peaceful Green, Peacock, Precisely Green, Putting Green, Rainfall Green, Robin's Egg, Sage Bush, San Pedro Green, Santa Monica Pier, Sea Glass, Sea Mist, Seaweed Green, Sequoia Green, Sherwood Forest, Sisal Beige, Snowflake White, Solar Energy, Spanish Olive, Spring Buds, Spring Green, Spring Leeks, Spring Sprig, Spruce Green, Succulent Green, Summer Sage, Swamp Grass, Sycamore, Talc White,Tawny Gold, Teal Tide, Topiary Green,Tortugas Green, Tradewind Gray, Tree Canopy, Treelined Street,Tulla Beige, Urban Garden, Wasabi, Weeping Willow, Whispering Pines, White Pine, Willow Green ",Standard/No Effect,20,,
,,,,,,"7.25""x12'","5/16""",Beaded Cedarmill,Primed,Primed,Standard/No Effect,20,,
,,,,,,"8.25""x12'","5/16""",Beaded Cedarmill,Primed,Primed,Standard/No Effect,20,,
,,,,,,"9.25""x12'","5/16""",Beaded Cedarmill,Primed,Primed,Standard/No Effect,20,,
,,,,,,"12.00""x12'","5/16""",Beaded Cedarmill,Primed,Primed,Standard/No Effect,20,,
,,,,,,"7.25""x12'","5/16""",Beaded Cedarmill,Statement,"Aged Pewter, Arctic White, Boothbay Blue, Cobblestone, Evening Blue, Gray Slate, Iron Gray, Khaki Brown, Light Mist, Monteray Taupe, Mountain Sage, Navajo Beige, Night Gray, Pearl Gray, Rich Espresso, Timber Bark
Boothbay Blue
Iron Gray
Gray Slate
Cobblestone
Navajo Beige
Evening Blue
Aged Pewter 
Khaki Brown
Night Gray 
Monteray Taupe
Timber Bark 
Mountain Sage
Pearl Gray 
Light Mist
Rich Espresso",Standard/No Effect,20,,
,,,,,,"8.25""x12'","5/16""",Beaded Cedarmill,Statement,"Aged Pewter, Arctic White, Boothbay Blue, Cobblestone, Evening Blue, Gray Slate, Iron Gray, Khaki Brown, Light Mist, Monteray Taupe, Mountain Sage, Navajo Beige, Night Gray, Pearl Gray, Rich Espresso, Timber Bark
Boothbay Blue
Iron Gray
Gray Slate
Cobblestone
Navajo Beige
Evening Blue
Aged Pewter 
Khaki Brown
Night Gray 
Monteray Taupe
Timber Bark 
Mountain Sage
Pearl Gray 
Light Mist
Rich Espresso",Standard/No Effect,20,,
,,,,,,"9.25""x12'","5/16""",Beaded Cedarmill,Statement,"Aged Pewter, Arctic White, Boothbay Blue, Cobblestone, Evening Blue, Gray Slate, Iron Gray, Khaki Brown, Light Mist, Monteray Taupe, Mountain Sage, Navajo Beige, Night Gray, Pearl Gray, Rich Espresso, Timber Bark
Boothbay Blue
Iron Gray
Gray Slate
Cobblestone
Navajo Beige
Evening Blue
Aged Pewter 
Khaki Brown
Night Gray 
Monteray Taupe
Timber Bark 
Mountain Sage
Pearl Gray 
Light Mist
Rich Espresso",Standard/No Effect,20,,
,,,,,,"12.00""x12'","5/16""",Beaded Cedarmill,Statement,"Aged Pewter, Arctic White, Boothbay Blue, Cobblestone, Evening Blue, Gray Slate, Iron Gray, Khaki Brown, Light Mist, Monteray Taupe, Mountain Sage, Navajo Beige, Night Gray, Pearl Gray, Rich Espresso, Timber Bark
Boothbay Blue
Iron Gray
Gray Slate
Cobblestone
Navajo Beige
Evening Blue
Aged Pewter 
Khaki Brown
Night Gray 
Monteray Taupe
Timber Bark 
Mountain Sage
Pearl Gray 
Light Mist
Rich Espresso",Standard/No Effect,20,,
,,,,,,"7.25""x12'","5/16""",Beaded Cedarmill,Dream,"Abby White, Aloe Vera Stem, Aluminum,Aqua Grand,Aqua Spa, Aquafoam, Arborvitae, Balsam Fir, BanyanTree, Blue Carnation, Blue Note, Blue Spruce, Bottle Green, Bouquet Green, Bristol Green, Bronze Star,Cadet Gray, Calypso Green, Caribbean Sea, Casa Green, Celedon Green, Celery White, Chantilly Lace, Cilantro Leaf, Citrine White, Climbing Vine, Coastal Fog, Country Green, Cristobal Blue, Derby Green, Dulcet Green, Eden Green, Elegant Green, Elm Tree, Empire Emerald, English Lavender, Eucalyptus, Eucalyptus Green, Everglade, Evergreen Forest, Fern Green, Filtered Gold, Firefly, Fishing Boat, Florida Everglades, Forever Green, Four Leaf Clover, First Spring, Front Lawn, Gable Green, Garden of Eden, Gold Leaf, Golden Delicious, Green Acrew, Green Ash, Green Bridge, Green Grass, Green Light, Green Sand, Greenhouse, Hawthorn White, Herbal, Highwater, Homestead Green, Honeydew, Hunter Green, Imperial Green, Irish Lowland, Jaded, Juniper Berry, Kelly Green, Kentucky Bluegrass, Keylime, Leaf Dust, Lime, White Limestone,Linden Green, Melted Ice, Mesa Green, Mint Clover, Minty Fresh, Mississippi Moss, Misty Emerald, Misty Morning, Misty Moss, Nautical White, Neighborhood Park, Newport Green, Not Too Green, Oregano, Oregon Trail, Overcast Green, Overseas, Palm Grove,Pea Shoot, Peaceful Green, Peacock, Precisely Green, Putting Green, Rainfall Green, Robin's Egg, Sage Bush, San Pedro Green, Santa Monica Pier, Sea Glass, Sea Mist, Seaweed Green, Sequoia Green, Sherwood Forest, Sisal Beige, Snowflake White, Solar Energy, Spanish Olive, Spring Buds, Spring Green, Spring Leeks, Spring Sprig, Spruce Green, Succulent Green, Summer Sage, Swamp Grass, Sycamore, Talc White,Tawny Gold, Teal Tide, Topiary Green,Tortugas Green, Tradewind Gray, Tree Canopy, Treelined Street,Tulla Beige, Urban Garden, Wasabi, Weeping Willow, Whispering Pines, White Pine, Willow Green ",Standard/No Effect,20,,
,,,,,,"8.25""x12'","5/16""",Beaded Cedarmill,Dream,"Abby White, Aloe Vera Stem, Aluminum,Aqua Grand,Aqua Spa, Aquafoam, Arborvitae, Balsam Fir, BanyanTree, Blue Carnation, Blue Note, Blue Spruce, Bottle Green, Bouquet Green, Bristol Green, Bronze Star,Cadet Gray, Calypso Green, Caribbean Sea, Casa Green, Celedon Green, Celery White, Chantilly Lace, Cilantro Leaf, Citrine White, Climbing Vine, Coastal Fog, Country Green, Cristobal Blue, Derby Green, Dulcet Green, Eden Green, Elegant Green, Elm Tree, Empire Emerald, English Lavender, Eucalyptus, Eucalyptus Green, Everglade, Evergreen Forest, Fern Green, Filtered Gold, Firefly, Fishing Boat, Florida Everglades, Forever Green, Four Leaf Clover, First Spring, Front Lawn, Gable Green, Garden of Eden, Gold Leaf, Golden Delicious, Green Acrew, Green Ash, Green Bridge, Green Grass, Green Light, Green Sand, Greenhouse, Hawthorn White, Herbal, Highwater, Homestead Green, Honeydew, Hunter Green, Imperial Green, Irish Lowland, Jaded, Juniper Berry, Kelly Green, Kentucky Bluegrass, Keylime, Leaf Dust, Lime, White Limestone,Linden Green, Melted Ice, Mesa Green, Mint Clover, Minty Fresh, Mississippi Moss, Misty Emerald, Misty Morning, Misty Moss, Nautical White, Neighborhood Park, Newport Green, Not Too Green, Oregano, Oregon Trail, Overcast Green, Overseas, Palm Grove,Pea Shoot, Peaceful Green, Peacock, Precisely Green, Putting Green, Rainfall Green, Robin's Egg, Sage Bush, San Pedro Green, Santa Monica Pier, Sea Glass, Sea Mist, Seaweed Green, Sequoia Green, Sherwood Forest, Sisal Beige, Snowflake White, Solar Energy, Spanish Olive, Spring Buds, Spring Green, Spring Leeks, Spring Sprig, Spruce Green, Succulent Green, Summer Sage, Swamp Grass, Sycamore, Talc White,Tawny Gold, Teal Tide, Topiary Green,Tortugas Green, Tradewind Gray, Tree Canopy, Treelined Street,Tulla Beige, Urban Garden, Wasabi, Weeping Willow, Whispering Pines, White Pine, Willow Green ",Standard/No Effect,20,,
,,,,,,"9.25""x12'","5/16""",Beaded Cedarmill,Dream,"Abby White, Aloe Vera Stem, Aluminum,Aqua Grand,Aqua Spa, Aquafoam, Arborvitae, Balsam Fir, BanyanTree, Blue Carnation, Blue Note, Blue Spruce, Bottle Green, Bouquet Green, Bristol Green, Bronze Star,Cadet Gray, Calypso Green, Caribbean Sea, Casa Green, Celedon Green, Celery White, Chantilly Lace, Cilantro Leaf, Citrine White, Climbing Vine, Coastal Fog, Country Green, Cristobal Blue, Derby Green, Dulcet Green, Eden Green, Elegant Green, Elm Tree, Empire Emerald, English Lavender, Eucalyptus, Eucalyptus Green, Everglade, Evergreen Forest, Fern Green, Filtered Gold, Firefly, Fishing Boat, Florida Everglades, Forever Green, Four Leaf Clover, First Spring, Front Lawn, Gable Green, Garden of Eden, Gold Leaf, Golden Delicious, Green Acrew, Green Ash, Green Bridge, Green Grass, Green Light, Green Sand, Greenhouse, Hawthorn White, Herbal, Highwater, Homestead Green, Honeydew, Hunter Green, Imperial Green, Irish Lowland, Jaded, Juniper Berry, Kelly Green, Kentucky Bluegrass, Keylime, Leaf Dust, Lime, White Limestone,Linden Green, Melted Ice, Mesa Green, Mint Clover, Minty Fresh, Mississippi Moss, Misty Emerald, Misty Morning, Misty Moss, Nautical White, Neighborhood Park, Newport Green, Not Too Green, Oregano, Oregon Trail, Overcast Green, Overseas, Palm Grove,Pea Shoot, Peaceful Green, Peacock, Precisely Green, Putting Green, Rainfall Green, Robin's Egg, Sage Bush, San Pedro Green, Santa Monica Pier, Sea Glass, Sea Mist, Seaweed Green, Sequoia Green, Sherwood Forest, Sisal Beige, Snowflake White, Solar Energy, Spanish Olive, Spring Buds, Spring Green, Spring Leeks, Spring Sprig, Spruce Green, Succulent Green, Summer Sage, Swamp Grass, Sycamore, Talc White,Tawny Gold, Teal Tide, Topiary Green,Tortugas Green, Tradewind Gray, Tree Canopy, Treelined Street,Tulla Beige, Urban Garden, Wasabi, Weeping Willow, Whispering Pines, White Pine, Willow Green ",Standard/No Effect,20,,
,,,,,,"12.00""x12'","5/16""",Beaded Cedarmill,Dream,"Abby White, Aloe Vera Stem, Aluminum,Aqua Grand,Aqua Spa, Aquafoam, Arborvitae, Balsam Fir, BanyanTree, Blue Carnation, Blue Note, Blue Spruce, Bottle Green, Bouquet Green, Bristol Green, Bronze Star,Cadet Gray, Calypso Green, Caribbean Sea, Casa Green, Celedon Green, Celery White, Chantilly Lace, Cilantro Leaf, Citrine White, Climbing Vine, Coastal Fog, Country Green, Cristobal Blue, Derby Green, Dulcet Green, Eden Green, Elegant Green, Elm Tree, Empire Emerald, English Lavender, Eucalyptus, Eucalyptus Green, Everglade, Evergreen Forest, Fern Green, Filtered Gold, Firefly, Fishing Boat, Florida Everglades, Forever Green, Four Leaf Clover, First Spring, Front Lawn, Gable Green, Garden of Eden, Gold Leaf, Golden Delicious, Green Acrew, Green Ash, Green Bridge, Green Grass, Green Light, Green Sand, Greenhouse, Hawthorn White, Herbal, Highwater, Homestead Green, Honeydew, Hunter Green, Imperial Green, Irish Lowland, Jaded, Juniper Berry, Kelly Green, Kentucky Bluegrass, Keylime, Leaf Dust, Lime, White Limestone,Linden Green, Melted Ice, Mesa Green, Mint Clover, Minty Fresh, Mississippi Moss, Misty Emerald, Misty Morning, Misty Moss, Nautical White, Neighborhood Park, Newport Green, Not Too Green, Oregano, Oregon Trail, Overcast Green, Overseas, Palm Grove,Pea Shoot, Peaceful Green, Peacock, Precisely Green, Putting Green, Rainfall Green, Robin's Egg, Sage Bush, San Pedro Green, Santa Monica Pier, Sea Glass, Sea Mist, Seaweed Green, Sequoia Green, Sherwood Forest, Sisal Beige, Snowflake White, Solar Energy, Spanish Olive, Spring Buds, Spring Green, Spring Leeks, Spring Sprig, Spruce Green, Succulent Green, Summer Sage, Swamp Grass, Sycamore, Talc White,Tawny Gold, Teal Tide, Topiary Green,Tortugas Green, Tradewind Gray, Tree Canopy, Treelined Street,Tulla Beige, Urban Garden, Wasabi, Weeping Willow, Whispering Pines, White Pine, Willow Green ",Standard/No Effect,20,,
,,,,,,"7.25""x12'","5/16""",Colonial Smooth,Primed,Primed,Standard/No Effect,20,,
,,,,,,"8.25""x12'","5/16""",Colonial Smooth,Primed,Primed,Standard/No Effect,20,,
,,,,,,"9.25""x12'","5/16""",Colonial Smooth,Primed,Primed,Standard/No Effect,20,,
,,,,,,"12.00""x12'","5/16""",Colonial Smooth,Primed,Primed,Standard/No Effect,20,,
,,,,,,"7.25""x12'","5/16""",Colonial Smooth,Statement,"Aged Pewter, Arctic White, Boothbay Blue, Cobblestone, Evening Blue, Gray Slate, Iron Gray, Khaki Brown, Light Mist, Monteray Taupe, Mountain Sage, Navajo Beige, Night Gray, Pearl Gray, Rich Espresso, Timber Bark
Boothbay Blue
Iron Gray
Gray Slate
Cobblestone
Navajo Beige
Evening Blue
Aged Pewter 
Khaki Brown
Night Gray 
Monteray Taupe
Timber Bark 
Mountain Sage
Pearl Gray 
Light Mist
Rich Espresso",Standard/No Effect,20,,
,,,,,,"8.25""x12'","5/16""",Colonial Smooth,Statement,"Aged Pewter, Arctic White, Boothbay Blue, Cobblestone, Evening Blue, Gray Slate, Iron Gray, Khaki Brown, Light Mist, Monteray Taupe, Mountain Sage, Navajo Beige, Night Gray, Pearl Gray, Rich Espresso, Timber Bark
Boothbay Blue
Iron Gray
Gray Slate
Cobblestone
Navajo Beige
Evening Blue
Aged Pewter 
Khaki Brown
Night Gray 
Monteray Taupe
Timber Bark 
Mountain Sage
Pearl Gray 
Light Mist
Rich Espresso",Standard/No Effect,20,,
,,,,,,"9.25""x12'","5/16""",Colonial Smooth,Statement,"Aged Pewter, Arctic White, Boothbay Blue, Cobblestone, Evening Blue, Gray Slate, Iron Gray, Khaki Brown, Light Mist, Monteray Taupe, Mountain Sage, Navajo Beige, Night Gray, Pearl Gray, Rich Espresso, Timber Bark
Boothbay Blue
Iron Gray
Gray Slate
Cobblestone
Navajo Beige
Evening Blue
Aged Pewter 
Khaki Brown
Night Gray 
Monteray Taupe
Timber Bark 
Mountain Sage
Pearl Gray 
Light Mist
Rich Espresso",Standard/No Effect,20,,
,,,,,,"12.00""x12'","5/16""",Colonial Smooth,Statement,"Aged Pewter, Arctic White, Boothbay Blue, Cobblestone, Evening Blue, Gray Slate, Iron Gray, Khaki Brown, Light Mist, Monteray Taupe, Mountain Sage, Navajo Beige, Night Gray, Pearl Gray, Rich Espresso, Timber Bark
Boothbay Blue
Iron Gray
Gray Slate
Cobblestone
Navajo Beige
Evening Blue
Aged Pewter 
Khaki Brown
Night Gray 
Monteray Taupe
Timber Bark 
Mountain Sage
Pearl Gray 
Light Mist
Rich Espresso",Standard/No Effect,20,,
,,,,,,"7.25""x12'","5/16""",Colonial Smooth,Dream,"Abby White, Aloe Vera Stem, Aluminum,Aqua Grand,Aqua Spa, Aquafoam, Arborvitae, Balsam Fir, BanyanTree, Blue Carnation, Blue Note, Blue Spruce, Bottle Green, Bouquet Green, Bristol Green, Bronze Star,Cadet Gray, Calypso Green, Caribbean Sea, Casa Green, Celedon Green, Celery White, Chantilly Lace, Cilantro Leaf, Citrine White, Climbing Vine, Coastal Fog, Country Green, Cristobal Blue, Derby Green, Dulcet Green, Eden Green, Elegant Green, Elm Tree, Empire Emerald, English Lavender, Eucalyptus, Eucalyptus Green, Everglade, Evergreen Forest, Fern Green, Filtered Gold, Firefly, Fishing Boat, Florida Everglades, Forever Green, Four Leaf Clover, First Spring, Front Lawn, Gable Green, Garden of Eden, Gold Leaf, Golden Delicious, Green Acrew, Green Ash, Green Bridge, Green Grass, Green Light, Green Sand, Greenhouse, Hawthorn White, Herbal, Highwater, Homestead Green, Honeydew, Hunter Green, Imperial Green, Irish Lowland, Jaded, Juniper Berry, Kelly Green, Kentucky Bluegrass, Keylime, Leaf Dust, Lime, White Limestone,Linden Green, Melted Ice, Mesa Green, Mint Clover, Minty Fresh, Mississippi Moss, Misty Emerald, Misty Morning, Misty Moss, Nautical White, Neighborhood Park, Newport Green, Not Too Green, Oregano, Oregon Trail, Overcast Green, Overseas, Palm Grove,Pea Shoot, Peaceful Green, Peacock, Precisely Green, Putting Green, Rainfall Green, Robin's Egg, Sage Bush, San Pedro Green, Santa Monica Pier, Sea Glass, Sea Mist, Seaweed Green, Sequoia Green, Sherwood Forest, Sisal Beige, Snowflake White, Solar Energy, Spanish Olive, Spring Buds, Spring Green, Spring Leeks, Spring Sprig, Spruce Green, Succulent Green, Summer Sage, Swamp Grass, Sycamore, Talc White,Tawny Gold, Teal Tide, Topiary Green,Tortugas Green, Tradewind Gray, Tree Canopy, Treelined Street,Tulla Beige, Urban Garden, Wasabi, Weeping Willow, Whispering Pines, White Pine, Willow Green ",Standard/No Effect,20,,
,,,,,,"8.25""x12'","5/16""",Colonial Smooth,Dream,"Abby White, Aloe Vera Stem, Aluminum,Aqua Grand,Aqua Spa, Aquafoam, Arborvitae, Balsam Fir, BanyanTree, Blue Carnation, Blue Note, Blue Spruce, Bottle Green, Bouquet Green, Bristol Green, Bronze Star,Cadet Gray, Calypso Green, Caribbean Sea, Casa Green, Celedon Green, Celery White, Chantilly Lace, Cilantro Leaf, Citrine White, Climbing Vine, Coastal Fog, Country Green, Cristobal Blue, Derby Green, Dulcet Green, Eden Green, Elegant Green, Elm Tree, Empire Emerald, English Lavender, Eucalyptus, Eucalyptus Green, Everglade, Evergreen Forest, Fern Green, Filtered Gold, Firefly, Fishing Boat, Florida Everglades, Forever Green, Four Leaf Clover, First Spring, Front Lawn, Gable Green, Garden of Eden, Gold Leaf, Golden Delicious, Green Acrew, Green Ash, Green Bridge, Green Grass, Green Light, Green Sand, Greenhouse, Hawthorn White, Herbal, Highwater, Homestead Green, Honeydew, Hunter Green, Imperial Green, Irish Lowland, Jaded, Juniper Berry, Kelly Green, Kentucky Bluegrass, Keylime, Leaf Dust, Lime, White Limestone,Linden Green, Melted Ice, Mesa Green, Mint Clover, Minty Fresh, Mississippi Moss, Misty Emerald, Misty Morning, Misty Moss, Nautical White, Neighborhood Park, Newport Green, Not Too Green, Oregano, Oregon Trail, Overcast Green, Overseas, Palm Grove,Pea Shoot, Peaceful Green, Peacock, Precisely Green, Putting Green, Rainfall Green, Robin's Egg, Sage Bush, San Pedro Green, Santa Monica Pier, Sea Glass, Sea Mist, Seaweed Green, Sequoia Green, Sherwood Forest, Sisal Beige, Snowflake White, Solar Energy, Spanish Olive, Spring Buds, Spring Green, Spring Leeks, Spring Sprig, Spruce Green, Succulent Green, Summer Sage, Swamp Grass, Sycamore, Talc White,Tawny Gold, Teal Tide, Topiary Green,Tortugas Green, Tradewind Gray, Tree Canopy, Treelined Street,Tulla Beige, Urban Garden, Wasabi, Weeping Willow, Whispering Pines, White Pine, Willow Green ",Standard/No Effect,20,,
,,,,,,"9.25""x12'","5/16""",Colonial Smooth,Dream,"Abby White, Aloe Vera Stem, Aluminum,Aqua Grand,Aqua Spa, Aquafoam, Arborvitae, Balsam Fir, BanyanTree, Blue Carnation, Blue Note, Blue Spruce, Bottle Green, Bouquet Green, Bristol Green, Bronze Star,Cadet Gray, Calypso Green, Caribbean Sea, Casa Green, Celedon Green, Celery White, Chantilly Lace, Cilantro Leaf, Citrine White, Climbing Vine, Coastal Fog, Country Green, Cristobal Blue, Derby Green, Dulcet Green, Eden Green, Elegant Green, Elm Tree, Empire Emerald, English Lavender, Eucalyptus, Eucalyptus Green, Everglade, Evergreen Forest, Fern Green, Filtered Gold, Firefly, Fishing Boat, Florida Everglades, Forever Green, Four Leaf Clover, First Spring, Front Lawn, Gable Green, Garden of Eden, Gold Leaf, Golden Delicious, Green Acrew, Green Ash, Green Bridge, Green Grass, Green Light, Green Sand, Greenhouse, Hawthorn White, Herbal, Highwater, Homestead Green, Honeydew, Hunter Green, Imperial Green, Irish Lowland, Jaded, Juniper Berry, Kelly Green, Kentucky Bluegrass, Keylime, Leaf Dust, Lime, White Limestone,Linden Green, Melted Ice, Mesa Green, Mint Clover, Minty Fresh, Mississippi Moss, Misty Emerald, Misty Morning, Misty Moss, Nautical White, Neighborhood Park, Newport Green, Not Too Green, Oregano, Oregon Trail, Overcast Green, Overseas, Palm Grove,Pea Shoot, Peaceful Green, Peacock, Precisely Green, Putting Green, Rainfall Green, Robin's Egg, Sage Bush, San Pedro Green, Santa Monica Pier, Sea Glass, Sea Mist, Seaweed Green, Sequoia Green, Sherwood Forest, Sisal Beige, Snowflake White, Solar Energy, Spanish Olive, Spring Buds, Spring Green, Spring Leeks, Spring Sprig, Spruce Green, Succulent Green, Summer Sage, Swamp Grass, Sycamore, Talc White,Tawny Gold, Teal Tide, Topiary Green,Tortugas Green, Tradewind Gray, Tree Canopy, Treelined Street,Tulla Beige, Urban Garden, Wasabi, Weeping Willow, Whispering Pines, White Pine, Willow Green ",Standard/No Effect,20,,
,,,,,,"12.00""x12'","5/16""",Colonial Smooth,Dream,"Abby White, Aloe Vera Stem, Aluminum,Aqua Grand,Aqua Spa, Aquafoam, Arborvitae, Balsam Fir, BanyanTree, Blue Carnation, Blue Note, Blue Spruce, Bottle Green, Bouquet Green, Bristol Green, Bronze Star,Cadet Gray, Calypso Green, Caribbean Sea, Casa Green, Celedon Green, Celery White, Chantilly Lace, Cilantro Leaf, Citrine White, Climbing Vine, Coastal Fog, Country Green, Cristobal Blue, Derby Green, Dulcet Green, Eden Green, Elegant Green, Elm Tree, Empire Emerald, English Lavender, Eucalyptus, Eucalyptus Green, Everglade, Evergreen Forest, Fern Green, Filtered Gold, Firefly, Fishing Boat, Florida Everglades, Forever Green, Four Leaf Clover, First Spring, Front Lawn, Gable Green, Garden of Eden, Gold Leaf, Golden Delicious, Green Acrew, Green Ash, Green Bridge, Green Grass, Green Light, Green Sand, Greenhouse, Hawthorn White, Herbal, Highwater, Homestead Green, Honeydew, Hunter Green, Imperial Green, Irish Lowland, Jaded, Juniper Berry, Kelly Green, Kentucky Bluegrass, Keylime, Leaf Dust, Lime, White Limestone,Linden Green, Melted Ice, Mesa Green, Mint Clover, Minty Fresh, Mississippi Moss, Misty Emerald, Misty Morning, Misty Moss, Nautical White, Neighborhood Park, Newport Green, Not Too Green, Oregano, Oregon Trail, Overcast Green, Overseas, Palm Grove,Pea Shoot, Peaceful Green, Peacock, Precisely Green, Putting Green, Rainfall Green, Robin's Egg, Sage Bush, San Pedro Green, Santa Monica Pier, Sea Glass, Sea Mist, Seaweed Green, Sequoia Green, Sherwood Forest, Sisal Beige, Snowflake White, Solar Energy, Spanish Olive, Spring Buds, Spring Green, Spring Leeks, Spring Sprig, Spruce Green, Succulent Green, Summer Sage, Swamp Grass, Sycamore, Talc White,Tawny Gold, Teal Tide, Topiary Green,Tortugas Green, Tradewind Gray, Tree Canopy, Treelined Street,Tulla Beige, Urban Garden, Wasabi, Weeping Willow, Whispering Pines, White Pine, Willow Green ",Standard/No Effect,20,,
,,,,,,"7.25""x12'","5/16""",Colonial Roughsawn,Primed,Primed,Standard/No Effect,20,,
,,,,,,"8.25""x12'","5/16""",Colonial Roughsawn,Primed,Primed,Standard/No Effect,20,,
,,,,,,"9.25""x12'","5/16""",Colonial Roughsawn,Primed,Primed,Standard/No Effect,20,,
,,,,,,"12.00""x12'","5/16""",Colonial Roughsawn,Primed,Primed,Standard/No Effect,20,,
,,,,,,"7.25""x12'","5/16""",Colonial Roughsawn,Statement,"Aged Pewter, Arctic White, Boothbay Blue, Cobblestone, Evening Blue, Gray Slate, Iron Gray, Khaki Brown, Light Mist, Monteray Taupe, Mountain Sage, Navajo Beige, Night Gray, Pearl Gray, Rich Espresso, Timber Bark
Boothbay Blue
Iron Gray
Gray Slate
Cobblestone
Navajo Beige
Evening Blue
Aged Pewter 
Khaki Brown
Night Gray 
Monteray Taupe
Timber Bark 
Mountain Sage
Pearl Gray 
Light Mist
Rich Espresso",Standard/No Effect,20,,
,,,,,,"8.25""x12'","5/16""",Colonial Roughsawn,Statement,"Aged Pewter, Arctic White, Boothbay Blue, Cobblestone, Evening Blue, Gray Slate, Iron Gray, Khaki Brown, Light Mist, Monteray Taupe, Mountain Sage, Navajo Beige, Night Gray, Pearl Gray, Rich Espresso, Timber Bark
Boothbay Blue
Iron Gray
Gray Slate
Cobblestone
Navajo Beige
Evening Blue
Aged Pewter 
Khaki Brown
Night Gray 
Monteray Taupe
Timber Bark 
Mountain Sage
Pearl Gray 
Light Mist
Rich Espresso",Standard/No Effect,20,,
,,,,,,"9.25""x12'","5/16""",Colonial Roughsawn,Statement,"Aged Pewter, Arctic White, Boothbay Blue, Cobblestone, Evening Blue, Gray Slate, Iron Gray, Khaki Brown, Light Mist, Monteray Taupe, Mountain Sage, Navajo Beige, Night Gray, Pearl Gray, Rich Espresso, Timber Bark
Boothbay Blue
Iron Gray
Gray Slate
Cobblestone
Navajo Beige
Evening Blue
Aged Pewter 
Khaki Brown
Night Gray 
Monteray Taupe
Timber Bark 
Mountain Sage
Pearl Gray 
Light Mist
Rich Espresso",Standard/No Effect,20,,
,,,,,,"12.00""x12'","5/16""",Colonial Roughsawn,Statement,"Aged Pewter, Arctic White, Boothbay Blue, Cobblestone, Evening Blue, Gray Slate, Iron Gray, Khaki Brown, Light Mist, Monteray Taupe, Mountain Sage, Navajo Beige, Night Gray, Pearl Gray, Rich Espresso, Timber Bark
Boothbay Blue
Iron Gray
Gray Slate
Cobblestone
Navajo Beige
Evening Blue
Aged Pewter 
Khaki Brown
Night Gray 
Monteray Taupe
Timber Bark 
Mountain Sage
Pearl Gray 
Light Mist
Rich Espresso",Standard/No Effect,20,,
,,,,,,"7.25""x12'","5/16""",Colonial Roughsawn,Dream,"Abby White, Aloe Vera Stem, Aluminum,Aqua Grand,Aqua Spa, Aquafoam, Arborvitae, Balsam Fir, BanyanTree, Blue Carnation, Blue Note, Blue Spruce, Bottle Green, Bouquet Green, Bristol Green, Bronze Star,Cadet Gray, Calypso Green, Caribbean Sea, Casa Green, Celedon Green, Celery White, Chantilly Lace, Cilantro Leaf, Citrine White, Climbing Vine, Coastal Fog, Country Green, Cristobal Blue, Derby Green, Dulcet Green, Eden Green, Elegant Green, Elm Tree, Empire Emerald, English Lavender, Eucalyptus, Eucalyptus Green, Everglade, Evergreen Forest, Fern Green, Filtered Gold, Firefly, Fishing Boat, Florida Everglades, Forever Green, Four Leaf Clover, First Spring, Front Lawn, Gable Green, Garden of Eden, Gold Leaf, Golden Delicious, Green Acrew, Green Ash, Green Bridge, Green Grass, Green Light, Green Sand, Greenhouse, Hawthorn White, Herbal, Highwater, Homestead Green, Honeydew, Hunter Green, Imperial Green, Irish Lowland, Jaded, Juniper Berry, Kelly Green, Kentucky Bluegrass, Keylime, Leaf Dust, Lime, White Limestone,Linden Green, Melted Ice, Mesa Green, Mint Clover, Minty Fresh, Mississippi Moss, Misty Emerald, Misty Morning, Misty Moss, Nautical White, Neighborhood Park, Newport Green, Not Too Green, Oregano, Oregon Trail, Overcast Green, Overseas, Palm Grove,Pea Shoot, Peaceful Green, Peacock, Precisely Green, Putting Green, Rainfall Green, Robin's Egg, Sage Bush, San Pedro Green, Santa Monica Pier, Sea Glass, Sea Mist, Seaweed Green, Sequoia Green, Sherwood Forest, Sisal Beige, Snowflake White, Solar Energy, Spanish Olive, Spring Buds, Spring Green, Spring Leeks, Spring Sprig, Spruce Green, Succulent Green, Summer Sage, Swamp Grass, Sycamore, Talc White,Tawny Gold, Teal Tide, Topiary Green,Tortugas Green, Tradewind Gray, Tree Canopy, Treelined Street,Tulla Beige, Urban Garden, Wasabi, Weeping Willow, Whispering Pines, White Pine, Willow Green ",Standard/No Effect,20,,
,,,,,,"8.25""x12'","5/16""",Colonial Roughsawn,Dream,"Abby White, Aloe Vera Stem, Aluminum,Aqua Grand,Aqua Spa, Aquafoam, Arborvitae, Balsam Fir, BanyanTree, Blue Carnation, Blue Note, Blue Spruce, Bottle Green, Bouquet Green, Bristol Green, Bronze Star,Cadet Gray, Calypso Green, Caribbean Sea, Casa Green, Celedon Green, Celery White, Chantilly Lace, Cilantro Leaf, Citrine White, Climbing Vine, Coastal Fog, Country Green, Cristobal Blue, Derby Green, Dulcet Green, Eden Green, Elegant Green, Elm Tree, Empire Emerald, English Lavender, Eucalyptus, Eucalyptus Green, Everglade, Evergreen Forest, Fern Green, Filtered Gold, Firefly, Fishing Boat, Florida Everglades, Forever Green, Four Leaf Clover, First Spring, Front Lawn, Gable Green, Garden of Eden, Gold Leaf, Golden Delicious, Green Acrew, Green Ash, Green Bridge, Green Grass, Green Light, Green Sand, Greenhouse, Hawthorn White, Herbal, Highwater, Homestead Green, Honeydew, Hunter Green, Imperial Green, Irish Lowland, Jaded, Juniper Berry, Kelly Green, Kentucky Bluegrass, Keylime, Leaf Dust, Lime, White Limestone,Linden Green, Melted Ice, Mesa Green, Mint Clover, Minty Fresh, Mississippi Moss, Misty Emerald, Misty Morning, Misty Moss, Nautical White, Neighborhood Park, Newport Green, Not Too Green, Oregano, Oregon Trail, Overcast Green, Overseas, Palm Grove,Pea Shoot, Peaceful Green, Peacock, Precisely Green, Putting Green, Rainfall Green, Robin's Egg, Sage Bush, San Pedro Green, Santa Monica Pier, Sea Glass, Sea Mist, Seaweed Green, Sequoia Green, Sherwood Forest, Sisal Beige, Snowflake White, Solar Energy, Spanish Olive, Spring Buds, Spring Green, Spring Leeks, Spring Sprig, Spruce Green, Succulent Green, Summer Sage, Swamp Grass, Sycamore, Talc White,Tawny Gold, Teal Tide, Topiary Green,Tortugas Green, Tradewind Gray, Tree Canopy, Treelined Street,Tulla Beige, Urban Garden, Wasabi, Weeping Willow, Whispering Pines, White Pine, Willow Green ",Standard/No Effect,20,,
,,,,,,"9.25""x12'","5/16""",Colonial Roughsawn,Dream,"Abby White, Aloe Vera Stem, Aluminum,Aqua Grand,Aqua Spa, Aquafoam, Arborvitae, Balsam Fir, BanyanTree, Blue Carnation, Blue Note, Blue Spruce, Bottle Green, Bouquet Green, Bristol Green, Bronze Star,Cadet Gray, Calypso Green, Caribbean Sea, Casa Green, Celedon Green, Celery White, Chantilly Lace, Cilantro Leaf, Citrine White, Climbing Vine, Coastal Fog, Country Green, Cristobal Blue, Derby Green, Dulcet Green, Eden Green, Elegant Green, Elm Tree, Empire Emerald, English Lavender, Eucalyptus, Eucalyptus Green, Everglade, Evergreen Forest, Fern Green, Filtered Gold, Firefly, Fishing Boat, Florida Everglades, Forever Green, Four Leaf Clover, First Spring, Front Lawn, Gable Green, Garden of Eden, Gold Leaf, Golden Delicious, Green Acrew, Green Ash, Green Bridge, Green Grass, Green Light, Green Sand, Greenhouse, Hawthorn White, Herbal, Highwater, Homestead Green, Honeydew, Hunter Green, Imperial Green, Irish Lowland, Jaded, Juniper Berry, Kelly Green, Kentucky Bluegrass, Keylime, Leaf Dust, Lime, White Limestone,Linden Green, Melted Ice, Mesa Green, Mint Clover, Minty Fresh, Mississippi Moss, Misty Emerald, Misty Morning, Misty Moss, Nautical White, Neighborhood Park, Newport Green, Not Too Green, Oregano, Oregon Trail, Overcast Green, Overseas, Palm Grove,Pea Shoot, Peaceful Green, Peacock, Precisely Green, Putting Green, Rainfall Green, Robin's Egg, Sage Bush, San Pedro Green, Santa Monica Pier, Sea Glass, Sea Mist, Seaweed Green, Sequoia Green, Sherwood Forest, Sisal Beige, Snowflake White, Solar Energy, Spanish Olive, Spring Buds, Spring Green, Spring Leeks, Spring Sprig, Spruce Green, Succulent Green, Summer Sage, Swamp Grass, Sycamore, Talc White,Tawny Gold, Teal Tide, Topiary Green,Tortugas Green, Tradewind Gray, Tree Canopy, Treelined Street,Tulla Beige, Urban Garden, Wasabi, Weeping Willow, Whispering Pines, White Pine, Willow Green ",Standard/No Effect,20,,
,,,,,,"12.00""x12'","5/16""",Colonial Roughsawn,Dream,"Abby White, Aloe Vera Stem, Aluminum,Aqua Grand,Aqua Spa, Aquafoam, Arborvitae, Balsam Fir, BanyanTree, Blue Carnation, Blue Note, Blue Spruce, Bottle Green, Bouquet Green, Bristol Green, Bronze Star,Cadet Gray, Calypso Green, Caribbean Sea, Casa Green, Celedon Green, Celery White, Chantilly Lace, Cilantro Leaf, Citrine White, Climbing Vine, Coastal Fog, Country Green, Cristobal Blue, Derby Green, Dulcet Green, Eden Green, Elegant Green, Elm Tree, Empire Emerald, English Lavender, Eucalyptus, Eucalyptus Green, Everglade, Evergreen Forest, Fern Green, Filtered Gold, Firefly, Fishing Boat, Florida Everglades, Forever Green, Four Leaf Clover, First Spring, Front Lawn, Gable Green, Garden of Eden, Gold Leaf, Golden Delicious, Green Acrew, Green Ash, Green Bridge, Green Grass, Green Light, Green Sand, Greenhouse, Hawthorn White, Herbal, Highwater, Homestead Green, Honeydew, Hunter Green, Imperial Green, Irish Lowland, Jaded, Juniper Berry, Kelly Green, Kentucky Bluegrass, Keylime, Leaf Dust, Lime, White Limestone,Linden Green, Melted Ice, Mesa Green, Mint Clover, Minty Fresh, Mississippi Moss, Misty Emerald, Misty Morning, Misty Moss, Nautical White, Neighborhood Park, Newport Green, Not Too Green, Oregano, Oregon Trail, Overcast Green, Overseas, Palm Grove,Pea Shoot, Peaceful Green, Peacock, Precisely Green, Putting Green, Rainfall Green, Robin's Egg, Sage Bush, San Pedro Green, Santa Monica Pier, Sea Glass, Sea Mist, Seaweed Green, Sequoia Green, Sherwood Forest, Sisal Beige, Snowflake White, Solar Energy, Spanish Olive, Spring Buds, Spring Green, Spring Leeks, Spring Sprig, Spruce Green, Succulent Green, Summer Sage, Swamp Grass, Sycamore, Talc White,Tawny Gold, Teal Tide, Topiary Green,Tortugas Green, Tradewind Gray, Tree Canopy, Treelined Street,Tulla Beige, Urban Garden, Wasabi, Weeping Willow, Whispering Pines, White Pine, Willow Green ",Standard/No Effect,20,,